aviary_steps,physics_steps,step_count,agent_id,elapsed_time,rew_closing_distance,rew_close_to_target,rew_engaging_enemy,rew_speed_magnitude,rew_near_engagement,acc_rewards,vel_angles,rel_vel_magnitudade,approaching,chasing,in_range,in_cone,current_term,info[downed],info[exploded_target],info[exploded_ally],info[crashes],info[ally_collision],info[is_success],info[mission_complete],info[out_of_bounds],info[timeover]
11,22,0,0,0.09166666666666666,0.0,0.01592282501626578,0.0,0.0,0.0,0.01592282501626578,1.1523093181515411,0.5066799021422304,1,1,0,0,0,0,0,0,0,0,0,0,0,0
12,24,0,0,0.1,0.0,0.015927423486532692,0.0,0.0,0.0,0.03185024850279847,0.8179385476172258,0.6493374616653288,1,1,0,0,0,0,0,0,0,0,0,0,0,0
13,26,0,0,0.10833333333333334,0.0,0.015934609241597685,0.0,0.0,0.0,0.047784857744396156,0.5799499626202468,0.879335202656998,1,1,0,0,0,0,0,0,0,0,0,0,0,0
14,28,0,0,0.11666666666666667,0.0,0.015944647088371986,0.0,0.0,0.0,0.06372950483276814,0.5122134870593366,1.1635131304795965,1,1,0,0,0,0,0,0,0,0,0,0,0,0
15,30,0,0,0.125,0.0,0.015957663185227268,0.0,0.0,0.0,0.07968716801799541,0.5148588868792653,1.5055186624141044,1,1,0,0,0,0,0,0,0,0,0,0,0,0
16,32,0,0,0.13333333333333333,0.0,0.01597345484240359,0.0,0.0,0.0,0.095660622860399,0.5392464282099148,1.8149049752715225,1,1,0,0,0,0,0,0,0,0,0,0,0,0
17,34,0,0,0.14166666666666666,0.0,0.01599148751786648,0.0,0.0,0.0,0.11165211037826549,0.5625711798125458,2.0775759091940698,1,1,0,0,0,0,0,0,0,0,0,0,0,0
18,36,0,0,0.15,0.0,0.016011962975231227,0.0,0.0,0.0,0.12766407335349672,0.5855940728371463,2.405898370255296,1,1,0,0,0,0,0,0,0,0,0,0,0,0
19,38,1,0,0.15833333333333333,0.0,0.01603499057918904,0.0,0.0,0.0,0.14369906393268575,0.6034881797825459,2.702469371069125,1,1,0,0,0,0,0,0,0,0,0,0,0,0
20,40,1,0,0.16666666666666666,0.0,0.01605911896847151,0.0,0.0,0.0,0.15975818290115726,0.606541085227351,2.7780593184290905,1,1,0,0,0,0,0,0,0,0,0,0,0,0
21,42,1,0,0.175,0.0,0.016083675511982,0.0,0.0,0.0,0.17584185841313926,0.6040582648186144,2.789816043514296,1,1,0,0,0,0,0,0,0,0,0,0,0,0
22,44,1,0,0.18333333333333332,0.0,0.016108636720840477,0.0,0.0,0.0,0.19195049513397974,0.6019046396554748,2.8482897312235194,1,1,0,0,0,0,0,0,0,0,0,0,0,0
23,46,1,0,0.19166666666666668,0.0,0.016134636202530965,0.0,0.0,0.0,0.20808513133651071,0.6129215304902643,3.007663947370283,1,1,0,0,0,0,0,0,0,0,0,0,0,0
24,48,1,0,0.2,0.0,0.01616172476680526,0.0,0.0,0.0,0.22424685610331596,0.6227465749213069,3.102005927807058,1,1,0,0,0,0,0,0,0,0,0,0,0,0
25,50,1,0,0.20833333333333334,0.0,0.016188974026316916,0.0,0.0,0.0,0.24043583012963288,0.6197028947457976,3.0871157211538285,1,1,0,0,0,0,0,0,0,0,0,0,0,0
26,52,1,0,0.21666666666666667,0.0,0.016216631762318523,0.0,0.0,0.0,0.2566524618919514,0.6189181123716625,3.144003965229835,1,1,0,0,0,0,0,0,0,0,0,0,0,0
27,54,2,0,0.225,0.0,0.016244833910120344,0.0,0.0,0.0,0.2728972958020717,0.6184129360157373,3.1954791033680783,1,1,0,0,0,0,0,0,0,0,0,0,0,0
28,56,2,0,0.23333333333333334,0.0,0.01627309993385026,0.0,0.0,0.0,0.28917039573592196,0.6132618187685522,3.154116396840694,1,1,0,0,0,0,0,0,0,0,0,0,0,0
29,58,2,0,0.24166666666666667,0.0,0.01630131082251509,0.0,0.0,0.0,0.30547170655843703,0.6084048625080952,3.119899552619784,1,1,0,0,0,0,0,0,0,0,0,0,0,0
30,60,2,0,0.25,0.0,0.016329703520347707,0.0,0.0,0.0,0.3218014100787847,0.6038376710386408,3.1345743298298716,1,1,0,0,0,0,0,0,0,0,0,0,0,0
31,62,2,0,0.25833333333333336,0.0,0.0163582470899484,0.0,0.0,0.0,0.3381596571687331,0.5984250144141858,3.133079827753354,1,1,0,0,0,0,0,0,0,0,0,0,0,0
32,64,2,0,0.26666666666666666,0.0,0.016386663642340864,0.0,0.0,0.0,0.35454632081107396,0.5923818603133052,3.072205944897492,1,1,0,0,0,0,0,0,0,0,0,0,0,0
33,66,2,0,0.275,0.0,0.016414838713763775,0.0,0.0,0.0,0.3709611595248377,0.5870898944455837,3.020512290515772,1,1,0,0,0,0,0,0,0,0,0,0,0,0
34,68,2,0,0.2833333333333333,0.0,0.016443200894962637,0.0,0.0,0.0,0.38740436041980036,0.5861757918648047,3.048853770198548,1,1,0,0,0,0,0,0,0,0,0,0,0,0
35,70,3,0,0.2916666666666667,0.0,0.01647200347031345,0.0,0.0,0.0,0.40387636389011383,0.5877456141887599,3.0913140114302915,1,1,0,0,0,0,0,0,0,0,0,0,0,0
36,72,3,0,0.3,0.0,0.016500783059561423,0.0,0.0,0.0,0.42037714694967526,0.5840098521536029,3.050372130581801,1,1,0,0,0,0,0,0,0,0,0,0,0,0
37,74,3,0,0.30833333333333335,0.0,0.01652938433396849,0.0,0.0,0.0,0.43690653128364376,0.5806784680378251,3.012710853142483,1,1,0,0,0,0,0,0,0,0,0,0,0,0
38,76,3,0,0.31666666666666665,0.0,0.0165582043354597,0.0,0.0,0.0,0.45346473561910344,0.581489321720785,3.044749012775489,1,1,0,0,0,0,0,0,0,0,0,0,0,0
39,78,3,0,0.325,0.0,0.016587514533328334,0.0,0.0,0.0,0.4700522501524318,0.5858115462378009,3.099304012318216,1,1,0,0,0,0,0,0,0,0,0,0,0,0
40,80,3,0,0.3333333333333333,0.0,0.01661695136907095,0.0,0.0,0.0,0.4866692015215027,0.5859729777069796,3.0802418560353915,1,1,0,0,0,0,0,0,0,0,0,0,0,0
41,82,3,0,0.3416666666666667,0.0,0.016646257420820158,0.0,0.0,0.0,0.5033154589423229,0.5844210480425146,3.0502873341488015,1,1,0,0,0,0,0,0,0,0,0,0,0,0
42,84,3,0,0.35,0.0,0.016675848241589943,0.0,0.0,0.0,0.5199913071839128,0.5884118068232899,3.0962261886407267,1,1,0,0,0,0,0,0,0,0,0,0,0,0
43,86,4,0,0.35833333333333334,0.0,0.016706050978548295,0.0,0.0,0.0,0.5366973581624611,0.596669614566387,3.1688634282738803,1,1,0,0,0,0,0,0,0,0,0,0,0,0
44,88,4,0,0.36666666666666664,0.0,0.01673640004780311,0.0,0.0,0.0,0.5534337582102642,0.596950299671583,3.1555532138081928,1,1,0,0,0,0,0,0,0,0,0,0,0,0
45,90,4,0,0.375,0.0,0.01676668220657945,0.0,0.0,0.0,0.5702004404168436,0.5947585277815128,3.1290172851441973,1,1,0,0,0,0,0,0,0,0,0,0,0,0
46,92,4,0,0.38333333333333336,0.0,0.01679710296387746,0.0,0.0,0.0,0.5869975433807211,0.5938811049614313,3.1434782921145983,1,1,0,0,0,0,0,0,0,0,0,0,0,0
47,94,4,0,0.39166666666666666,0.0,0.016827905627164765,0.0,0.0,0.0,0.6038254490078858,0.598051458364589,3.190972488340259,1,1,0,0,0,0,0,0,0,0,0,0,0,0
48,96,4,0,0.4,0.0,0.01685901554660926,0.0,0.0,0.0,0.6206844645544951,0.604069818409966,3.2048180626223512,1,1,0,0,0,0,0,0,0,0,0,0,0,0
49,98,4,0,0.4083333333333333,0.0,0.016890128324359988,0.0,0.0,0.0,0.6375745928788551,0.6052613525368565,3.186838031039885,1,1,0,0,0,0,0,0,0,0,0,0,0,0
50,100,4,0,0.4166666666666667,0.0,0.016921461671472994,0.0,0.0,0.0,0.6544960545503281,0.6076438352749715,3.219105261159696,1,1,0,0,0,0,0,0,0,0,0,0,0,0
51,102,5,0,0.425,0.0,0.01695327192831688,0.0,0.0,0.0,0.671449326478645,0.6137776248485334,3.273236467867683,1,1,0,0,0,0,0,0,0,0,0,0,0,0
52,104,5,0,0.43333333333333335,0.0,0.01698513411184838,0.0,0.0,0.0,0.6884344605904934,0.6118815587014191,3.2464712321474787,1,1,0,0,0,0,0,0,0,0,0,0,0,0
53,106,5,0,0.44166666666666665,0.0,0.01701690176320744,0.0,0.0,0.0,0.7054513623537009,0.6095070154794378,3.2178167716843866,1,1,0,0,0,0,0,0,0,0,0,0,0,0
54,108,5,0,0.45,0.0,0.017048856443046878,0.0,0.0,0.0,0.7225002187967478,0.6104824835707663,3.2422627211136867,1,1,0,0,0,0,0,0,0,0,0,0,0,0
55,110,5,0,0.4583333333333333,0.0,0.01708115890368354,0.0,0.0,0.0,0.7395813777004313,0.6154281953514891,3.2821528095059676,1,1,0,0,0,0,0,0,0,0,0,0,0,0
56,112,5,0,0.4666666666666667,0.0,0.017113500467064977,0.0,0.0,0.0,0.7566948781674963,0.6172001741477212,3.2552379551952106,1,1,0,0,0,0,0,0,0,0,0,0,0,0
57,114,5,0,0.475,0.0,0.017145669590656745,0.0,0.0,0.0,0.773840547758153,0.616353176367752,3.220104879236697,1,1,0,0,0,0,0,0,0,0,0,0,0,0
58,116,5,0,0.48333333333333334,0.0,0.01717805345938341,0.0,0.0,0.0,0.7910186012175364,0.6228636100282658,3.2622787883196986,1,1,0,0,0,0,0,0,0,0,0,0,0,0
59,118,6,0,0.49166666666666664,0.0,0.017210894405830412,0.0,0.0,0.0,0.8082294956233669,0.6350384253970581,3.3302979713550407,1,1,0,0,0,0,0,0,0,0,0,0,0,0
60,120,6,0,0.5,0.0,0.017243752328743218,0.0,0.0,0.0,0.8254732479521101,0.6347860771095418,3.3013023191240554,1,1,0,0,0,0,0,0,0,0,0,0,0,0
61,122,6,0,0.5083333333333333,0.0,0.01727644223662859,0.0,0.0,0.0,0.8427496901887387,0.6323661705320269,3.2622048051092487,1,1,0,0,0,0,0,0,0,0,0,0,0,0
62,124,6,0,0.5166666666666667,0.0,0.01730919647107166,0.0,0.0,0.0,0.8600588866598103,0.6297053799479913,3.2616755658045444,1,1,0,0,0,0,0,0,0,0,0,0,0,0
63,126,6,0,0.525,0.0,0.01734204248362726,0.0,0.0,0.0,0.8774009291434376,0.6282595784253235,3.258187017989414,1,1,0,0,0,0,0,0,0,0,0,0,0,0
64,128,6,0,0.5333333333333333,0.0,0.017374814800855353,0.0,0.0,0.0,0.8947757439442929,0.6307296005957254,3.2314052065750416,1,1,0,0,0,0,0,0,0,0,0,0,0,0
65,130,6,0,0.5416666666666666,0.0,0.01740750919540589,0.0,0.0,0.0,0.9121832531396988,0.6364451671101231,3.224849241405447,1,1,0,0,0,0,0,0,0,0,0,0,0,0
66,132,6,0,0.55,0.0,0.01744036964267448,0.0,0.0,0.0,0.9296236227823733,0.6399459585292808,3.246022356066506,1,1,0,0,0,0,0,0,0,0,0,0,0,0
67,134,7,0,0.5583333333333333,0.0,0.01747335164909094,0.0,0.0,0.0,0.9470969744314642,0.6400968218630427,3.2476140232677198,1,1,0,0,0,0,0,0,0,0,0,0,0,0
68,136,7,0,0.5666666666666667,0.0,0.017506252710037883,0.0,0.0,0.0,0.9646032271415022,0.6412281831512758,3.2203557721381073,1,1,0,0,0,0,0,0,0,0,0,0,0,0
69,138,7,0,0.575,0.0,0.017539076361476186,0.0,0.0,0.0,0.9821423035029784,0.6479515291327891,3.2192247160693137,1,1,0,0,0,0,0,0,0,0,0,0,0,0
70,140,7,0,0.5833333333333334,0.0,0.0175720895400517,0.0,0.0,0.0,0.9997143930430301,0.6530039005293603,3.245318758626866,1,1,0,0,0,0,0,0,0,0,0,0,0,0
71,142,7,0,0.5916666666666667,0.0,0.01760519976437999,0.0,0.0,0.0,1.0173195928074101,0.6531658947151736,3.2433227556667497,1,1,0,0,0,0,0,0,0,0,0,0,0,0
72,144,7,0,0.6,0.0,0.017638233211333513,0.0,0.0,0.0,1.0349578260187438,0.6597517226396419,3.2318897700499067,1,1,0,0,0,0,0,0,0,0,0,0,0,0
73,146,7,0,0.6083333333333333,0.0,0.017671305389632897,0.0,0.0,0.0,1.0526291314083767,0.678179347295606,3.2696883964763916,1,1,0,0,0,0,0,0,0,0,0,0,0,0
74,148,7,0,0.6166666666666667,0.0,0.017704545394706207,0.0,0.0,0.0,1.070333676803083,0.6852120414986315,3.3001811637556124,1,1,0,0,0,0,0,0,0,0,0,0,0,0
75,150,8,0,0.625,0.0,0.017737867459663496,0.0,0.0,0.0,1.0880715442627464,0.6845888299525784,3.2962694028457014,1,1,0,0,0,0,0,0,0,0,0,0,0,0
76,152,8,0,0.6333333333333333,0.0,0.01777105309753692,0.0,0.0,0.0,1.1058425973602835,0.6831658153881242,3.252470383907382,1,1,0,0,0,0,0,0,0,0,0,0,0,0
77,154,8,0,0.6416666666666667,0.0,0.01780401989877785,0.0,0.0,0.0,1.1236466172590613,0.6827305355487782,3.216906824580537,1,1,0,0,0,0,0,0,0,0,0,0,0,0
78,156,8,0,0.65,0.0,0.017837030268435857,0.0,0.0,0.0,1.1414836475274972,0.6849427246944414,3.2236922990294956,1,1,0,0,0,0,0,0,0,0,0,0,0,0
79,158,8,0,0.6583333333333333,0.0,0.017870148006656265,0.0,0.0,0.0,1.1593537955341535,0.6899543626831408,3.2378896267932964,1,1,0,0,0,0,0,0,0,0,0,0,0,0
80,160,8,0,0.6666666666666666,0.0,0.01790320085383647,0.0,0.0,0.0,1.17725699638799,0.6954726132485598,3.2244221552953927,1,1,0,0,0,0,0,0,0,0,0,0,0,0
81,162,8,0,0.675,0.0,0.01793609290603316,0.0,0.0,0.0,1.1951930892940232,0.7003972513591656,3.2099773719907243,1,1,0,0,0,0,0,0,0,0,0,0,0,0
82,164,8,0,0.6833333333333333,0.0,0.017969047162411697,0.0,0.0,0.0,1.213162136456435,0.7070921660417891,3.2306638103523295,1,1,0,0,0,0,0,0,0,0,0,0,0,0
83,166,9,0,0.6916666666666667,0.0,0.0180020780378789,0.0,0.0,0.0,1.2311642144943138,0.7140087667661531,3.2454101507504323,1,1,0,0,0,0,0,0,0,0,0,0,0,0
84,168,9,0,0.7,0.0,0.018034930241832902,0.0,0.0,0.0,1.2491991447361468,0.7158018168037772,3.2076963259486253,1,1,0,0,0,0,0,0,0,0,0,0,0,0
85,170,9,0,0.7083333333333334,0.0,0.018067529390434565,0.0,0.0,0.0,1.2672666741265814,0.7160270092745253,3.1718419770129795,1,1,0,0,0,0,0,0,0,0,0,0,0,0
86,172,9,0,0.7166666666666667,0.0,0.018100110909383283,0.0,0.0,0.0,1.2853667850359647,0.7164430298692943,3.164879465698844,1,1,0,0,0,0,0,0,0,0,0,0,0,0
87,174,9,0,0.725,0.0,0.018132703436226517,0.0,0.0,0.0,1.303499488472191,0.7172482624254375,3.1551287440746187,1,1,0,0,0,0,0,0,0,0,0,0,0,0
88,176,9,0,0.7333333333333333,0.0,0.018165157702370895,0.0,0.0,0.0,1.321664646174562,0.7185511095013352,3.1292013007132327,1,1,0,0,0,0,0,0,0,0,0,0,0,0
89,178,9,0,0.7416666666666667,0.0,0.01819742822774442,0.0,0.0,0.0,1.3398620744023064,0.7204631799784164,3.1089483447337107,1,1,0,0,0,0,0,0,0,0,0,0,0,0
90,180,9,0,0.75,0.0,0.018229710526690347,0.0,0.0,0.0,1.3580917849289968,0.7233290089796687,3.1079047391870924,1,1,0,0,0,0,0,0,0,0,0,0,0,0
91,182,10,0,0.7583333333333333,0.0,0.018262074898662033,0.0,0.0,0.0,1.3763538598276588,0.7286889783968599,3.1207312330292414,1,1,0,0,0,0,0,0,0,0,0,0,0,0
92,184,10,0,0.7666666666666667,0.0,0.01829449534632001,0.0,0.0,0.0,1.3946483551739788,0.7423628330287704,3.1546315990073777,1,1,0,0,0,0,0,0,0,0,0,0,0,0
93,186,10,0,0.775,0.0,0.01832688995992321,0.0,0.0,0.0,1.412975245133902,0.7542205984982955,3.1716045662041594,1,1,0,0,0,0,0,0,0,0,0,0,0,0
94,188,10,0,0.7833333333333333,0.0,0.01835930621356319,0.0,0.0,0.0,1.4313345513474651,0.7556033168241751,3.170732465636618,1,1,0,0,0,0,0,0,0,0,0,0,0,0
95,190,10,0,0.7916666666666666,0.0,0.018391746909867248,0.0,0.0,0.0,1.4497262982573325,0.7568319334670659,3.1672446464045136,1,1,0,0,0,0,0,0,0,0,0,0,0,0
96,192,10,0,0.8,0.0,0.018424149592995685,0.0,0.0,0.0,1.4681504478503282,0.762003706516625,3.166726383072193,1,1,0,0,0,0,0,0,0,0,0,0,0,0
97,194,10,0,0.8083333333333333,0.0,0.018456531184138744,0.0,0.0,0.0,1.486606979034467,0.7685297003620372,3.174908904461329,1,1,0,0,0,0,0,0,0,0,0,0,0,0
98,196,10,0,0.8166666666666667,0.0,0.0184889558313631,0.0,0.0,0.0,1.50509593486583,0.769378321305943,3.1759564938944016,1,1,0,0,0,0,0,0,0,0,0,0,0,0
99,198,11,0,0.825,0.0,0.018521423001616907,0.0,0.0,0.0,1.5236173578674468,0.7715493385125093,3.1788881220862066,1,1,0,0,0,0,0,0,0,0,0,0,0,0
100,200,11,0,0.8333333333333334,0.0,0.018553954934821395,0.0,0.0,0.0,1.5421713128022683,0.7853060187346663,3.2168074338188895,1,1,0,0,0,0,0,0,0,0,0,0,0,0
101,202,11,0,0.8416666666666667,0.0,0.0185866745580389,0.0,0.0,0.0,1.5607579873603072,0.8035795284261427,3.278499305603788,1,1,0,0,0,0,0,0,0,0,0,0,0,0
102,204,11,0,0.85,0.0,0.018619509799243834,0.0,0.0,0.0,1.5793774971595511,0.8053785536920992,3.2924117187428084,1,1,0,0,0,0,0,0,0,0,0,0,0,0
103,206,11,0,0.8583333333333333,0.0,0.018652391939770443,0.0,0.0,0.0,1.5980298890993216,0.8053466789386234,3.2916075920419328,1,1,0,0,0,0,0,0,0,0,0,0,0,0
104,208,11,0,0.8666666666666667,0.0,0.018685274685422852,0.0,0.0,0.0,1.6167151637847446,0.8126112707109896,3.301510269100383,1,1,0,0,0,0,0,0,0,0,0,0,0,0
105,210,11,0,0.875,0.0,0.018718262323620626,0.0,0.0,0.0,1.6354334261083652,0.8229706237281997,3.334091393392845,1,1,0,0,0,0,0,0,0,0,0,0,0,0
106,212,11,0,0.8833333333333333,0.0,0.01875132088320489,0.0,0.0,0.0,1.65418474699157,0.8216938024105239,3.3376136998843373,1,1,0,0,0,0,0,0,0,0,0,0,0,0
107,214,12,0,0.8916666666666667,0.0,0.01878445008587535,0.0,0.0,0.0,1.6729691970774454,0.823162048597654,3.3492659407448273,1,1,0,0,0,0,0,0,0,0,0,0,0,0
108,216,12,0,0.9,0.0,0.01881771085585968,0.0,0.0,0.0,1.691786907933305,0.8358339964446121,3.377785128522322,1,1,0,0,0,0,0,0,0,0,0,0,0,0
109,218,12,0,0.9083333333333333,0.0,0.018850875729245313,0.0,0.0,0.0,1.7106377836625504,0.8381464628136993,3.3530346218912106,1,1,0,0,0,0,0,0,0,0,0,0,0,0
110,220,12,0,0.9166666666666666,0.0,0.018884051169956506,0.0,0.0,0.0,1.7295218348325068,0.8352700061929949,3.3472006683410407,1,1,0,0,0,0,0,0,0,0,0,0,0,0
111,222,12,0,0.925,0.0,0.018917284040160503,0.0,0.0,0.0,1.7484391188726673,0.8346282361011998,3.3520508749839997,1,1,0,0,0,0,0,0,0,0,0,0,0,0
112,224,12,0,0.9333333333333333,0.0,0.018950586796089613,0.0,0.0,0.0,1.7673897056687569,0.8409714912905437,3.3613926029470482,1,1,0,0,0,0,0,0,0,0,0,0,0,0
113,226,12,0,0.9416666666666667,0.0,0.018983862252404272,0.0,0.0,0.0,1.7863735679211612,0.8439019712037242,3.3501513317507685,1,1,0,0,0,0,0,0,0,0,0,0,0,0
114,228,12,0,0.95,0.0,0.0190171785709341,0.0,0.0,0.0,1.8053907464920953,0.8403181489621885,3.3472231774939805,1,1,0,0,0,0,0,0,0,0,0,0,0,0
115,230,13,0,0.9583333333333334,0.0,0.019050509083296332,0.0,0.0,0.0,1.8244412555753917,0.8355460965834837,3.326955550691401,1,1,0,0,0,0,0,0,0,0,0,0,0,0
116,232,13,0,0.9666666666666667,0.0,0.019083615313423105,0.0,0.0,0.0,1.8435248708888148,0.8306345764603786,3.2521331642118625,1,1,0,0,0,0,0,0,0,0,0,0,0,0
117,234,13,0,0.975,0.0,0.019116436015986334,0.0,0.0,0.0,1.8626413069048011,0.8261906824694182,3.1903967129462156,1,1,0,0,0,0,0,0,0,0,0,0,0,0
118,236,13,0,0.9833333333333333,0.0,0.01914927826490871,0.0,0.0,0.0,1.8817905851697099,0.8234822169760584,3.19014476569809,1,1,0,0,0,0,0,0,0,0,0,0,0,0
119,238,13,0,0.9916666666666667,0.0,0.019182248426823124,0.0,0.0,0.0,1.900972833596533,0.8220877855434287,3.1967215374736693,1,1,0,0,0,0,0,0,0,0,0,0,0,0
120,240,13,0,1.0,0.0,0.01921517280592125,0.0,0.0,0.0,1.9201880064024544,0.8195519660077977,3.16001700886276,1,1,0,0,0,0,0,0,0,0,0,0,0,0
121,242,13,0,1.0083333333333333,0.0,0.01924792527594929,0.0,0.0,0.0,1.9394359316784036,0.8161013402527468,3.1181676115081287,1,1,0,0,0,0,0,0,0,0,0,0,0,0
122,244,13,0,1.0166666666666666,0.0,0.019280775556602195,0.0,0.0,0.0,1.9587167072350058,0.8139676019205393,3.128840135078909,1,1,0,0,0,0,0,0,0,0,0,0,0,0
123,246,14,0,1.025,0.0,0.019313872540520235,0.0,0.0,0.0,1.978030579775526,0.8140747043979119,3.152845725216789,1,1,0,0,0,0,0,0,0,0,0,0,0,0
124,248,14,0,1.0333333333333334,0.0,0.019347028346022588,0.0,0.0,0.0,1.9973776081215486,0.8133351073483006,3.1216534501252062,1,1,0,0,0,0,0,0,0,0,0,0,0,0
125,250,14,0,1.0416666666666667,0.0,0.019379983833537603,0.0,0.0,0.0,2.0167575919550864,0.808774051407875,3.0675772380847235,1,1,0,0,0,0,0,0,0,0,0,0,0,0
126,252,14,0,1.05,0.0,0.01941298795236705,0.0,0.0,0.0,2.0361705799074534,0.8050855657605758,3.0699697574056355,1,1,0,0,0,0,0,0,0,0,0,0,0,0
127,254,14,0,1.0583333333333333,0.0,0.019446342282100834,0.0,0.0,0.0,2.055616922189554,0.8063882990176784,3.110837116017525,1,1,0,0,0,0,0,0,0,0,0,0,0,0
128,256,14,0,1.0666666666666667,0.0,0.019479939244715173,0.0,0.0,0.0,2.0750968614342695,0.8070664110353042,3.097142912088421,1,1,0,0,0,0,0,0,0,0,0,0,0,0
129,258,14,0,1.075,0.0,0.01951340913729094,0.0,0.0,0.0,2.0946102705715606,0.8019576670078482,3.0452489986134097,1,1,0,0,0,0,0,0,0,0,0,0,0,0
130,260,14,0,1.0833333333333333,0.0,0.019546934663191514,0.0,0.0,0.0,2.114157205234752,0.7973052164250033,3.0440828323493285,1,1,0,0,0,0,0,0,0,0,0,0,0,0
131,262,15,0,1.0916666666666666,0.0,0.01958076250609217,0.0,0.0,0.0,2.133737967740844,0.7967501673755343,3.07497565185395,1,1,0,0,0,0,0,0,0,0,0,0,0,0
132,264,15,0,1.1,0.0,0.019614875436367668,0.0,0.0,0.0,2.1533528431772115,0.7967252635633464,3.0687399225538217,1,1,0,0,0,0,0,0,0,0,0,0,0,0
133,266,15,0,1.1083333333333334,0.0,0.01964891783348087,0.0,0.0,0.0,2.1730017610106924,0.7910172114648732,3.0235905246618353,1,1,0,0,0,0,0,0,0,0,0,0,0,0
134,268,15,0,1.1166666666666667,0.0,0.019683030336449525,0.0,0.0,0.0,2.192684791347142,0.7852762802662226,3.022071245597237,1,1,0,0,0,0,0,0,0,0,0,0,0,0
135,270,15,0,1.125,0.0,0.019717357423378153,0.0,0.0,0.0,2.21240214877052,0.78180916395519,3.03200345669236,1,1,0,0,0,0,0,0,0,0,0,0,0,0
136,272,15,0,1.1333333333333333,0.0,0.019751809355066634,0.0,0.0,0.0,2.2321539581255867,0.7789325024292859,2.9981555636554043,1,1,0,0,0,0,0,0,0,0,0,0,0,0
137,274,15,0,1.1416666666666666,0.0,0.019786180742954768,0.0,0.0,0.0,2.2519401388685414,0.7731760986442977,2.949412500619949,1,1,0,0,0,0,0,0,0,0,0,0,0,0
138,276,15,0,1.15,0.0,0.019820646497281047,0.0,0.0,0.0,2.2717607853658226,0.7673842297018054,2.9504142557595237,1,1,0,0,0,0,0,0,0,0,0,0,0,0
139,278,16,0,1.1583333333333334,0.0,0.01985538136018233,0.0,0.0,0.0,2.291616166726005,0.7628123135440746,2.9598022529403427,1,1,0,0,0,0,0,0,0,0,0,0,0,0
140,280,16,0,1.1666666666666667,0.0,0.019890081944521465,0.0,0.0,0.0,2.3115062486705265,0.7557976920559466,2.9078061511685096,1,1,0,0,0,0,0,0,0,0,0,0,0,0
141,282,16,0,1.175,0.0,0.01992468423070031,0.0,0.0,0.0,2.3314309329012266,0.7495338106095872,2.86695417274065,1,1,0,0,0,0,0,0,0,0,0,0,0,0
142,284,16,0,1.1833333333333333,0.0,0.019959635152652425,0.0,0.0,0.0,2.351390568053879,0.7462100715652912,2.89866551901468,1,1,0,0,0,0,0,0,0,0,0,0,0,0
143,286,16,0,1.1916666666666667,0.0,0.01999501686769889,0.0,0.0,0.0,2.371385584921578,0.7423987393142264,2.9201405576972728,1,1,0,0,0,0,0,0,0,0,0,0,0,0
144,288,16,0,1.2,0.0,0.020030359971833347,0.0,0.0,0.0,2.3914159448934114,0.7348225160289704,2.8632017941637478,1,1,0,0,0,0,0,0,0,0,0,0,0,0
145,290,16,0,1.2083333333333333,0.0,0.02006555219659922,0.0,0.0,0.0,2.4114814970900107,0.7275040543641624,2.814706628324979,1,1,0,0,0,0,0,0,0,0,0,0,0,0
146,292,16,0,1.2166666666666666,0.0,0.02010107164929749,0.0,0.0,0.0,2.4315825687393082,0.7222250223210678,2.838049030220049,1,1,0,0,0,0,0,0,0,0,0,0,0,0
147,294,17,0,1.225,0.0,0.0201372281244519,0.0,0.0,0.0,2.45171979686376,0.7213532682791891,2.8999781605335304,1,1,0,0,0,0,0,0,0,0,0,0,0,0
148,296,17,0,1.2333333333333334,0.0,0.020174343718705082,0.0,0.0,0.0,2.471894140582465,0.7266138470876596,2.955196712729942,1,1,0,0,0,0,0,0,0,0,0,0,0,0
149,298,17,0,1.2416666666666667,0.0,0.02021161126939455,0.0,0.0,0.0,2.4921057518518595,0.7191152400288661,2.9209072217546783,1,1,0,0,0,0,0,0,0,0,0,0,0,0
150,300,17,0,1.25,0.0,0.020248993478827124,0.0,0.0,0.0,2.5123547453306867,0.7088836362325797,2.9149007241713036,1,1,0,0,0,0,0,0,0,0,0,0,0,0
151,302,17,0,1.2583333333333333,0.0,0.020286476370021816,0.0,0.0,0.0,2.5326412217007084,0.6989866731710913,2.900119426472871,1,1,0,0,0,0,0,0,0,0,0,0,0,0
152,304,17,0,1.2666666666666666,0.0,0.02032402226720408,0.0,0.0,0.0,2.5529652439679125,0.6924136865343891,2.8538355373023334,1,1,0,0,0,0,0,0,0,0,0,0,0,0
153,306,17,0,1.275,0.0,0.020361694159943572,0.0,0.0,0.0,2.573326938127856,0.6859596956141437,2.81943128649894,1,1,0,0,0,0,0,0,0,0,0,0,0,0
154,308,17,0,1.2833333333333334,0.0,0.020399482061999083,0.0,0.0,0.0,2.593726420189855,0.6751233294795769,2.8089623048392327,1,1,0,0,0,0,0,0,0,0,0,0,0,0
155,310,18,0,1.2916666666666667,0.0,0.020437360515178502,0.0,0.0,0.0,2.6141637807050335,0.6637573912165414,2.793332368484888,1,1,0,0,0,0,0,0,0,0,0,0,0,0
156,312,18,0,1.3,0.0,0.020475279467154245,0.0,0.0,0.0,2.6346390601721876,0.6539262384908187,2.7559621981017925,1,1,0,0,0,0,0,0,0,0,0,0,0,0
157,314,18,0,1.3083333333333333,0.0,0.020513471221520623,0.0,0.0,0.0,2.6551525313937083,0.6474536181240605,2.7475230375087913,1,1,0,0,0,0,0,0,0,0,0,0,0,0
158,316,18,0,1.3166666666666667,0.0,0.020552059037448528,0.0,0.0,0.0,2.675704590431157,0.6388676147623845,2.7644019678289102,1,1,0,0,0,0,0,0,0,0,0,0,0,0
159,318,18,0,1.325,0.0,0.02059081216668872,0.0,0.0,0.0,2.696295402597846,0.6274484150543741,2.750945264658411,1,1,0,0,0,0,0,0,0,0,0,0,0,0
160,320,18,0,1.3333333333333333,0.0,0.020629591826593737,0.0,0.0,0.0,2.7169249944244394,0.6180326911153854,2.699186093453622,1,1,0,0,0,0,0,0,0,0,0,0,0,0
161,322,18,0,1.3416666666666666,0.0,0.020668747039600418,0.0,0.0,0.0,2.73759374146404,0.6131499780555864,2.6903944715007153,1,1,0,0,0,0,0,0,0,0,0,0,0,0
162,324,18,0,1.35,0.0,0.020708384500853362,0.0,0.0,0.0,2.758302125964893,0.6050516554833869,2.7069088892702493,1,1,0,0,0,0,0,0,0,0,0,0,0,0
163,326,19,0,1.3583333333333334,0.0,0.020748371381233643,0.0,0.0,0.0,2.7790504973461267,0.597214322907122,2.72661133302116,1,1,0,0,0,0,0,0,0,0,0,0,0,0
164,328,19,0,1.3666666666666667,0.0,0.02078925913569299,0.0,0.0,0.0,2.79983975648182,0.5998624743419118,2.775010402174236,1,1,0,0,0,0,0,0,0,0,0,0,0,0
165,330,19,0,1.375,0.0,0.020830497777290888,0.0,0.0,0.0,2.820670254259111,0.590991947142129,2.756379931268127,1,1,0,0,0,0,0,0,0,0,0,0,0,0
166,332,19,0,1.3833333333333333,0.0,0.0208719577188249,0.0,0.0,0.0,2.8415422119779357,0.5777049695629434,2.7518307335602707,1,1,0,0,0,0,0,0,0,0,0,0,0,0
167,334,19,0,1.3916666666666666,0.0,0.02091359330490595,0.0,0.0,0.0,2.8624558052828415,0.5636113773590885,2.7415666343291734,1,1,0,0,0,0,0,0,0,0,0,0,0,0
168,336,19,0,1.4,0.0,0.020955422670643844,0.0,0.0,0.0,2.883411227953485,0.5536830394813438,2.70838679640434,1,1,0,0,0,0,0,0,0,0,0,0,0,0
169,338,19,0,1.4083333333333334,0.0,0.020997632939693922,0.0,0.0,0.0,2.904408860893179,0.5471668655825143,2.6937956814835973,1,1,0,0,0,0,0,0,0,0,0,0,0,0
170,340,19,0,1.4166666666666667,0.0,0.02104023208856104,0.0,0.0,0.0,2.92544909298174,0.5352554550933797,2.701476647408698,1,1,0,0,0,0,0,0,0,0,0,0,0,0
171,342,20,0,1.425,0.0,0.02108316129164782,0.0,0.0,0.0,2.946532254273388,0.5248954440890562,2.7147654427701373,1,1,0,0,0,0,0,0,0,0,0,0,0,0
172,344,20,0,1.4333333333333333,0.0,0.02112702434620868,0.0,0.0,0.0,2.9676592786195966,0.5297708286813213,2.758710945993294,1,1,0,0,0,0,0,0,0,0,0,0,0,0
173,346,20,0,1.4416666666666667,0.0,0.02117151993689303,0.0,0.0,0.0,2.9888307985564895,0.5256742884849236,2.7600875212683094,1,1,0,0,0,0,0,0,0,0,0,0,0,0
174,348,20,0,1.45,0.0,0.021216312065971323,0.0,0.0,0.0,3.0100471106224607,0.5105732694560765,2.761540886988812,1,1,0,0,0,0,0,0,0,0,0,0,0,0
175,350,20,0,1.4583333333333333,0.0,0.021261334459204265,0.0,0.0,0.0,3.031308445081665,0.4961421452142916,2.7557024858606853,1,1,0,0,0,0,0,0,0,0,0,0,0,0
176,352,20,0,1.4666666666666666,0.0,0.021306669886283987,0.0,0.0,0.0,3.052615114967949,0.4910245543709606,2.7322779225243568,1,1,0,0,0,0,0,0,0,0,0,0,0,0
177,354,20,0,1.475,0.0,0.021352377102789366,0.0,0.0,0.0,3.073967492070738,0.48527238844788007,2.715530744493314,1,1,0,0,0,0,0,0,0,0,0,0,0,0
178,356,20,0,1.4833333333333334,0.0,0.02139831931855964,0.0,0.0,0.0,3.0953658113892977,0.46822757947929317,2.7116355016533538,1,1,0,0,0,0,0,0,0,0,0,0,0,0
179,358,21,0,1.4916666666666667,0.0,0.02144445124809092,0.0,0.0,0.0,3.116810262637389,0.45011384460120935,2.699114026561981,1,1,0,0,0,0,0,0,0,0,0,0,0,0
180,360,21,0,1.5,0.0,0.021490659812454682,0.0,0.0,0.0,3.1383009224498437,0.43231832611727744,2.6511528163949394,1,1,0,0,0,0,0,0,0,0,0,0,0,0
181,362,21,0,1.5083333333333333,0.0,0.02153686724898908,0.0,0.0,0.0,3.159837789698833,0.4136020670830071,2.6082674968384127,1,1,0,0,0,0,0,0,0,0,0,0,0,0
182,364,21,0,1.5166666666666666,0.0,0.02158325921045924,0.0,0.0,0.0,3.1814210489092924,0.3959933597132037,2.6057151466209714,1,1,0,0,0,0,0,0,0,0,0,0,0,0
183,366,21,0,1.525,0.0,0.02162997514437828,0.0,0.0,0.0,3.203051024053671,0.38210153174772526,2.6091027681636954,1,1,0,0,0,0,0,0,0,0,0,0,0,0
184,368,21,0,1.5333333333333334,0.0,0.02167698356909462,0.0,0.0,0.0,3.2247280076227653,0.37076788759285273,2.5841565877250643,1,1,0,0,0,0,0,0,0,0,0,0,0,0
185,370,21,0,1.5416666666666667,0.0,0.021724171885053458,0.0,0.0,0.0,3.246452179507819,0.35753625144250556,2.557602450106997,1,1,0,0,0,0,0,0,0,0,0,0,0,0
186,372,21,0,1.55,0.0,0.02177168051667144,0.0,0.0,0.0,3.26822386002449,0.34344001524415085,2.563094229215612,1,1,0,0,0,0,0,0,0,0,0,0,0,0
187,374,22,0,1.5583333333333333,0.0,0.021819838632425106,0.0,0.0,0.0,3.2900436986569153,0.3414314321957188,2.6064429617569695,1,1,0,0,0,0,0,0,0,0,0,0,0,0
188,376,22,0,1.5666666666666667,0.0,0.02186966727563211,0.0,0.0,0.0,3.3119133659325475,0.3649171224059122,2.6978347190063396,1,1,0,0,0,0,0,0,0,0,0,0,0,0
189,378,22,0,1.575,0.0,0.021920281855245576,0.0,0.0,0.0,3.333833647787793,0.36037588477912064,2.7058304726211624,1,1,0,0,0,0,0,0,0,0,0,0,0,0
190,380,22,0,1.5833333333333333,0.0,0.021971292761487096,0.0,0.0,0.0,3.3558049405492802,0.3435475141085692,2.710731914987618,1,1,0,0,0,0,0,0,0,0,0,0,0,0
191,382,22,0,1.5916666666666666,0.0,0.022022647634523728,0.0,0.0,0.0,3.377827588183804,0.3282256217960435,2.71357246591944,1,1,0,0,0,0,0,0,0,0,0,0,0,0
192,384,22,0,1.6,0.0,0.02207464749566453,0.0,0.0,0.0,3.3999022356794684,0.32755168423693165,2.721550795745048,1,1,0,0,0,0,0,0,0,0,0,0,0,0
193,386,22,0,1.6083333333333334,0.0,0.022127458712889347,0.0,0.0,0.0,3.4220296943923576,0.32665258206315195,2.7329012936282155,1,1,0,0,0,0,0,0,0,0,0,0,0,0
194,388,22,0,1.6166666666666667,0.0,0.0221806951760138,0.0,0.0,0.0,3.4442103895683713,0.3095096752341373,2.736321314779035,1,1,0,0,0,0,0,0,0,0,0,0,0,0
195,390,23,0,1.625,0.0,0.022234412845369988,0.0,0.0,0.0,3.4664448024137413,0.30089840724785266,2.758398960303278,1,1,0,0,0,0,0,0,0,0,0,0,0,0
196,392,23,0,1.6333333333333333,0.0,0.022289714936772047,0.0,0.0,0.0,3.4887345173505135,0.33123216495267405,2.850594903928615,1,1,0,0,0,0,0,0,0,0,0,0,0,0
197,394,23,0,1.6416666666666666,0.0,0.02234647074500641,0.0,0.0,0.0,3.51108098809552,0.3473004491054403,2.9024629083780122,1,1,0,0,0,0,0,0,0,0,0,0,0,0
198,396,23,0,1.65,0.0,0.022403804355409482,0.0,0.0,0.0,3.5334847924509294,0.3326592632545415,2.9130685813981576,1,1,0,0,0,0,0,0,0,0,0,0,0,0
199,398,23,0,1.6583333333333334,0.0,0.02246155702396566,0.0,0.0,0.0,3.555946349474895,0.3182851327211993,2.918980308885267,1,1,0,0,0,0,0,0,0,0,0,0,0,0
200,400,23,0,1.6666666666666667,0.0,0.022519987761117258,0.0,0.0,0.0,3.578466337236012,0.32327425305399016,2.9304013462127263,1,1,0,0,0,0,0,0,0,0,0,0,0,0
201,402,23,0,1.675,0.0,0.02257933718697407,0.0,0.0,0.0,3.6010456744229864,0.3322452667975134,2.9513746219356407,1,1,0,0,0,0,0,0,0,0,0,0,0,0
202,404,23,0,1.6833333333333333,0.0,0.022639189111149413,0.0,0.0,0.0,3.6236848635341357,0.3168682195686389,2.957186279210596,1,1,0,0,0,0,0,0,0,0,0,0,0,0
203,406,24,0,1.6916666666666667,0.0,0.022699391325655877,0.0,0.0,0.0,3.6463842548597913,0.29691582525801635,2.9507091412413,1,1,0,0,0,0,0,0,0,0,0,0,0,0
204,408,24,0,1.7,0.0,0.02275978053794587,0.0,0.0,0.0,3.6691440353977374,0.27578933105373626,2.912208722475496,1,1,0,0,0,0,0,0,0,0,0,0,0,0
205,410,24,0,1.7083333333333333,0.0,0.02282027106458385,0.0,0.0,0.0,3.6919643064623213,0.2537080623685558,2.8775220385008202,1,1,0,0,0,0,0,0,0,0,0,0,0,0
206,412,24,0,1.7166666666666666,0.0,0.022881046154419507,0.0,0.0,0.0,3.7148453526167406,0.23238259219598162,2.8739422987356065,1,1,0,0,0,0,0,0,0,0,0,0,0,0
207,414,24,0,1.725,0.0,0.02294220128810027,0.0,0.0,0.0,3.737787553904841,0.21579669023513406,2.8737152437851248,1,1,0,0,0,0,0,0,0,0,0,0,0,0
208,416,24,0,1.7333333333333334,0.0,0.02300371401197658,0.0,0.0,0.0,3.760791267916818,0.20488282260715396,2.856372655030567,1,1,0,0,0,0,0,0,0,0,0,0,0,0
209,418,24,0,1.7416666666666667,0.0,0.02306555495801453,0.0,0.0,0.0,3.7838568228748324,0.19331498585836018,2.843444391799145,1,1,0,0,0,0,0,0,0,0,0,0,0,0
210,420,24,0,1.75,0.0,0.023127823335359333,0.0,0.0,0.0,3.8069846462101915,0.17854312702551706,2.8474376776046775,1,1,0,0,0,0,0,0,0,0,0,0,0,0
211,422,25,0,1.7583333333333333,0.0,0.02319055241001082,0.0,0.0,0.0,3.830175198620202,0.16463245249654632,2.8509939717501664,1,1,0,0,0,0,0,0,0,0,0,0,0,0
212,424,25,0,1.7666666666666666,0.0,0.023253666679904722,0.0,0.0,0.0,3.8534288653001068,0.15325461928448547,2.8441332178210987,1,1,0,0,0,0,0,0,0,0,0,0,0,0
213,426,25,0,1.775,0.0,0.02331734666995859,0.0,0.0,0.0,3.8767462119700653,0.1513305016503513,2.855467495412561,1,1,0,0,0,0,0,0,0,0,0,0,0,0
214,428,25,0,1.7833333333333334,0.0,0.02338197976708728,0.0,0.0,0.0,3.9001281917371524,0.15408002323296485,2.8887060668030826,1,1,0,0,0,0,0,0,0,0,0,0,0,0
215,430,25,0,1.7916666666666667,0.0,0.023447290174652205,0.0,0.0,0.0,3.9235754819118047,0.14531606610044479,2.898115977578584,1,1,0,1,0,0,0,0,0,0,0,0,0,0
216,432,25,0,1.8,0.0,0.02351292717323443,0.0,0.0,0.0,3.947088409085039,0.13545134331671507,2.885407828655913,1,1,0,1,0,0,0,0,0,0,0,0,0,0
217,434,25,0,1.8083333333333333,0.0,0.023579283865964883,0.0,0.0,0.0,3.970667692951004,0.14364817440265235,2.9076315737107565,1,1,0,1,0,0,0,0,0,0,0,0,0,0
218,436,25,0,1.8166666666666667,0.0,0.02364695873349288,0.0,0.0,0.0,3.9943146516844967,0.15747332780439838,2.9545050999428204,1,1,0,0,0,0,0,0,0,0,0,0,0,0
219,438,26,0,1.825,0.0,0.023715437743866693,0.0,0.0,0.0,4.018030089428364,0.15929449770803983,2.9814028867263795,1,1,0,0,0,0,0,0,0,0,0,0,0,0
220,440,26,0,1.8333333333333333,0.0,0.02378535230114265,0.0,0.0,0.0,4.041815441729507,0.19108167478668653,3.0390470105788108,1,1,0,0,0,0,0,0,0,0,0,0,0,0
221,442,26,0,1.8416666666666666,0.0,0.023856232742288496,0.0,0.0,0.0,4.065671674471796,0.19456387826802707,3.054932532022399,1,1,0,0,0,0,0,0,0,0,0,0,0,0
222,444,26,0,1.85,0.0,0.02392765719050745,0.0,0.0,0.0,4.089599331662304,0.17708896707951935,3.056489428144699,1,1,0,0,0,0,0,0,0,0,0,0,0,0
223,446,26,0,1.8583333333333334,0.0,0.023999523055466085,0.0,0.0,0.0,4.11359885471777,0.15832858969403132,3.050486406345957,1,1,0,0,0,0,0,0,0,0,0,0,0,0
224,448,26,0,1.8666666666666667,0.0,0.024071822135058582,0.0,0.0,0.0,4.137670676852829,0.14728908011749328,3.037336639793079,1,1,0,1,0,0,0,0,0,0,0,0,0,0
225,450,26,0,1.875,0.0,0.024144783509533974,0.0,0.0,0.0,4.161815460362363,0.14362491056073906,3.042866414170596,1,1,0,1,0,0,0,0,0,0,0,0,0,0
226,452,26,0,1.8833333333333333,0.0,0.024218516965127904,0.0,0.0,0.0,4.186033977327491,0.13534796431257118,3.055903755806123,1,1,0,1,0,0,0,0,0,0,0,0,0,0
227,454,27,0,1.8916666666666666,0.0,0.024292876145815313,0.0,0.0,0.0,4.2103268534733065,0.12241908997116853,3.060645009639566,1,1,0,1,0,0,0,0,0,0,0,0,0,0
228,456,27,0,1.9,0.0,0.024367937618162226,0.0,0.0,0.0,4.234694791091469,0.11684509445794383,3.069282576943536,1,1,0,1,0,0,0,0,0,0,0,0,0,0
229,458,27,0,1.9083333333333334,0.0,0.024444089917797115,0.0,0.0,0.0,4.259138881009266,0.12546235731216088,3.1007293722483444,1,1,0,1,0,0,0,0,0,0,0,0,0,0
230,460,27,0,1.9166666666666667,0.0,0.0245214970092408,0.0,0.0,0.0,4.2836603780185065,0.13161636648254685,3.136686396652004,1,1,0,1,0,0,0,0,0,0,0,0,0,0
231,462,27,0,1.925,0.0,0.02459973470536355,0.0,0.0,0.0,4.30826011272387,0.12465644416993119,3.1475627002227986,1,1,0,1,0,0,0,0,0,0,0,0,0,0
232,464,27,0,1.9333333333333333,0.0,0.02467876142448834,0.0,0.0,0.0,4.3329388741483585,0.1290646566369434,3.156983753946982,1,1,0,1,0,0,0,0,0,0,0,0,0,0
233,466,27,0,1.9416666666666667,0.0,0.02475906980875742,0.0,0.0,0.0,4.357697943957116,0.1503869673148736,3.1928521112671064,1,1,0,0,0,0,0,0,0,0,0,0,0,0
234,468,27,0,1.95,0.0,0.024840392671657954,0.0,0.0,0.0,4.382538336628774,0.14757346591023052,3.211994525472273,1,1,0,1,0,0,0,0,0,0,0,0,0,0
235,470,28,0,1.9583333333333333,0.0,0.02492233529392063,0.0,0.0,0.0,4.407460671922695,0.13093769436153146,3.2096646033743665,1,1,0,1,0,0,0,0,0,0,0,0,0,0
236,472,28,0,1.9666666666666666,0.0,0.025004776582777673,0.0,0.0,0.0,4.432465448505472,0.11858108568105985,3.1981363396302944,1,1,0,1,0,0,0,0,0,0,0,0,0,0
237,474,28,0,1.975,0.0,0.025087900530883146,0.0,0.0,0.0,4.457553349036355,0.11685249868001273,3.201915654196641,1,1,0,1,0,0,0,0,0,0,0,0,0,0
238,476,28,0,1.9833333333333334,0.0,0.025171918590244664,0.0,0.0,0.0,4.4827252676266,0.11334202278704526,3.2172204964265725,1,1,0,1,0,0,0,0,0,0,0,0,0,0
239,478,28,0,1.9916666666666667,0.0,0.02525662594051971,0.0,0.0,0.0,4.50798189356712,0.10011791882787514,3.218131891681901,1,1,0,1,0,0,0,0,0,0,0,0,0,0
240,480,28,0,2.0,0.0,0.025341906399546362,0.0,0.0,0.0,4.5333237999666665,0.09133082916383937,3.2123604967953434,1,1,0,1,0,0,0,0,0,0,0,0,0,0
241,482,28,0,2.0083333333333333,0.0,0.025428068243308028,0.0,0.0,0.0,4.558751868209974,0.09583818085804598,3.2265476202424823,1,1,0,1,0,0,0,0,0,0,0,0,0,0
242,484,28,0,2.0166666666666666,0.0,0.025515315107327043,0.0,0.0,0.0,4.584267183317301,0.09574618853740478,3.24631532394252,1,1,0,1,0,0,0,0,0,0,0,0,0,0
243,486,29,0,2.025,0.0,0.02560327377776831,0.0,0.0,0.0,4.60987045709507,0.08208316529876085,3.2459529931248396,1,1,0,1,0,0,0,0,0,0,0,0,0,0
244,488,29,0,2.033333333333333,0.0,0.02569171696191835,0.0,0.0,0.0,4.635562174056989,0.06987989070981189,3.232651258817844,1,1,0,1,0,0,0,0,0,0,0,0,0,0
245,490,29,0,2.0416666666666665,0.0,0.025780637645267536,0.0,0.0,0.0,4.661342811702256,0.06248975528199914,3.2288453998289937,1,1,0,1,0,0,0,0,0,0,0,0,0,0
246,492,29,0,2.05,0.0,0.025870482929212388,0.0,0.0,0.0,4.687213294631468,0.0602881272365074,3.2430004320969923,1,1,0,1,0,0,0,0,0,0,0,0,0,0
247,494,29,0,2.058333333333333,0.0,0.025961432199896935,0.0,0.0,0.0,4.713174726831365,0.05856802410492808,3.2585375786644746,1,1,0,1,0,0,0,0,0,0,0,0,0,0
248,496,29,0,2.066666666666667,0.0,0.026053165747380425,0.0,0.0,0.0,4.739227892578746,0.05506045862700969,3.260225059355508,1,1,0,1,0,0,0,0,0,0,0,0,0,0
249,498,29,0,2.075,0.0,0.026145662865174044,0.0,0.0,0.0,4.76537355544392,0.05313567733423789,3.26740842704898,1,1,0,1,0,0,0,0,0,0,0,0,0,0
250,500,29,0,2.0833333333333335,0.0,0.02623948700046564,0.0,0.0,0.0,4.791613042444386,0.05411652158945088,3.294284113316685,1,1,0,1,0,0,0,0,0,0,0,0,0,0
251,502,30,0,2.091666666666667,0.0,0.0263349704918594,0.0,0.0,0.0,4.817948012936245,0.07553501693739664,3.341603308981397,1,1,0,1,0,0,0,0,0,0,0,0,0,0
252,504,30,0,2.1,0.0,0.02643267296939409,0.0,0.0,0.0,4.844380685905639,0.12185927665535762,3.397483560871311,1,1,0,1,0,0,0,0,0,0,0,0,0,0
253,506,30,0,2.1083333333333334,0.0,0.026531270793426105,0.0,0.0,0.0,4.870911956699065,0.11268135032224982,3.391129051177342,1,1,0,1,0,0,0,0,0,0,0,0,0,0
254,508,30,0,2.1166666666666667,0.0,0.026630661172881983,0.0,0.0,0.0,4.897542617871947,0.09813816503248118,3.3932953919879805,1,1,0,1,0,0,0,0,0,0,0,0,0,0
255,510,30,0,2.125,0.0,0.02673103298411106,0.0,0.0,0.0,4.924273650856058,0.09638183454564152,3.406294663326578,1,1,0,1,0,0,0,0,0,0,0,0,0,0
256,512,30,0,2.1333333333333333,0.0,0.026832620119501167,0.0,0.0,0.0,4.9511062709755596,0.11118538757944947,3.4214730481863582,1,1,0,1,0,0,0,0,0,0,0,0,0,0
257,514,30,0,2.1416666666666666,0.0,0.02693516228095041,0.0,0.0,0.0,4.97804143325651,0.10939996127610889,3.4210142510815342,1,1,0,1,0,0,0,0,0,0,0,0,0,0
258,516,30,0,2.15,0.0,0.027038536386840548,0.0,0.0,0.0,5.005079969643351,0.09541335665816265,3.42260569647424,1,1,0,1,0,0,0,0,0,0,0,0,0,0
259,518,31,0,2.158333333333333,0.0,0.027142823353452986,0.0,0.0,0.0,5.032222792996804,0.08473296742145593,3.4245710212319143,1,1,0,1,0,0,0,0,0,0,0,0,0,0
260,520,31,0,2.1666666666666665,0.0,0.027247768753827964,0.0,0.0,0.0,5.059470561750632,0.06840462918067582,3.4108854118335694,1,1,0,1,0,0,0,0,0,0,0,0,0,0
261,522,31,0,2.175,0.0,0.027353296599512855,0.0,0.0,0.0,5.086823858350145,0.05302928732493579,3.400930323879361,1,1,0,1,0,0,0,0,0,0,0,0,0,0
262,524,31,0,2.183333333333333,0.0,0.027459671979371266,0.0,0.0,0.0,5.114283530329516,0.04495481342845635,3.4036363901191975,1,1,0,1,0,0,0,0,0,0,0,0,0,0
263,526,31,0,2.191666666666667,0.0,0.027567049018516605,0.0,0.0,0.0,5.1418505793480325,0.04184947235460709,3.4085385326866673,1,1,0,1,0,0,0,0,0,0,0,0,0,0
264,528,31,0,2.2,0.0,0.027675224289553164,0.0,0.0,0.0,5.169525803637586,0.03983068742096552,3.4041760923026807,1,1,0,1,0,0,0,0,0,0,0,0,0,0
265,530,31,0,2.2083333333333335,0.0,0.027784085475730885,0.0,0.0,0.0,5.197309889113317,0.04353359272472829,3.401837763840659,1,1,0,1,0,0,0,0,0,0,0,0,0,0
266,532,31,0,2.216666666666667,0.0,0.027893915148714393,0.0,0.0,0.0,5.225203804262032,0.04921600004818247,3.4068587934957586,1,1,0,1,0,0,0,0,0,0,0,0,0,0
267,534,32,0,2.225,0.0,0.028005132797398042,0.0,0.0,0.0,5.25320893705943,0.042107513125668565,3.4279795914070923,1,1,0,1,0,0,0,0,0,0,0,0,0,0
268,536,32,0,2.2333333333333334,0.0,0.028118482721652654,0.0,0.0,0.0,5.281327419781083,0.04981275258205329,3.4618316767226784,1,1,0,1,0,0,0,0,0,0,0,0,0,0
269,538,32,0,2.2416666666666667,0.0,0.028232850157653772,0.0,0.0,0.0,5.3095602699387365,0.044447828851926295,3.460447923944374,1,1,0,1,0,0,0,0,0,0,0,0,0,0
270,540,32,0,2.25,0.0,0.02834827804280581,0.0,0.0,0.0,5.3379085479815425,0.04313492780685116,3.467887578286715,1,1,0,1,0,0,0,0,0,0,0,0,0,0
271,542,32,0,2.2583333333333333,0.0,0.028465437108732106,0.0,0.0,0.0,5.3663739850902745,0.060734902844223025,3.4994529086867803,1,1,0,1,0,0,0,0,0,0,0,0,0,0
272,544,32,0,2.2666666666666666,0.0,0.028584306957363678,0.0,0.0,0.0,5.394958292047638,0.08106282654323824,3.5179976711214134,1,1,0,1,0,0,0,0,0,0,0,0,0,0
273,546,32,0,2.275,0.0,0.028704145792341956,0.0,0.0,0.0,5.4236624378399805,0.07155302104428829,3.511794337166849,1,1,0,1,0,0,0,0,0,0,0,0,0,0
274,548,32,0,2.283333333333333,0.0,0.02882496918294036,0.0,0.0,0.0,5.452487407022921,0.058798655677445036,3.5106169520272927,1,1,0,1,0,0,0,0,0,0,0,0,0,0
275,550,33,0,2.2916666666666665,0.0,0.028946787200289977,0.0,0.0,0.0,5.481434194223211,0.05026345885339919,3.507926492759111,1,1,0,1,0,0,0,0,0,0,0,0,0,0
276,552,33,0,2.3,0.0,0.029069424512885824,0.0,0.0,0.0,5.510503618736097,0.048526969686393986,3.4996446464174484,1,1,0,1,0,0,0,0,0,0,0,0,0,0
277,554,33,0,2.308333333333333,0.0,0.02919281493473737,0.0,0.0,0.0,5.5396964336708345,0.05564527556156295,3.495212538648542,1,1,0,1,0,0,0,0,0,0,0,0,0,0
278,556,33,0,2.316666666666667,0.0,0.029317162986313802,0.0,0.0,0.0,5.569013596657149,0.0693999575211086,3.4947174090943127,1,1,0,1,0,0,0,0,0,0,0,0,0,0
279,558,33,0,2.325,0.0,0.029442519748198715,0.0,0.0,0.0,5.598456116405347,0.08548395740189174,3.495108719256611,1,1,0,1,0,0,0,0,0,0,0,0,0,0
280,560,33,0,2.3333333333333335,0.0,0.029568826542178628,0.0,0.0,0.0,5.628024942947526,0.09897089119616219,3.4988918978645316,1,1,0,1,0,0,0,0,0,0,0,0,0,0
281,562,33,0,2.341666666666667,0.0,0.029696196517682173,0.0,0.0,0.0,5.657721139465209,0.1092256177854472,3.505642376659467,1,1,0,1,0,0,0,0,0,0,0,0,0,0
282,564,33,0,2.35,0.0,0.02982487824442434,0.0,0.0,0.0,5.687546017709633,0.11890884690266003,3.510560501862031,1,1,0,1,0,0,0,0,0,0,0,0,0,0
283,566,34,0,2.3583333333333334,0.0,0.029955107587262095,0.0,0.0,0.0,5.717501125296895,0.11406620122918913,3.522272458397629,1,1,0,1,0,0,0,0,0,0,0,0,0,0
284,568,34,0,2.3666666666666667,0.0,0.030088185939417745,0.0,0.0,0.0,5.747589311236313,0.0599486840321867,3.5667691956603473,1,1,0,1,0,0,0,0,0,0,0,0,0,0
285,570,34,0,2.375,0.0,0.030224892397543408,0.0,0.0,0.0,5.777814203633856,0.06330828054488803,3.6209392693057536,1,1,0,1,0,0,0,0,0,0,0,0,0,0
286,572,34,0,2.3833333333333333,0.0,0.03036345155097056,0.0,0.0,0.0,5.808177655184826,0.061265643395292745,3.6311647421714786,1,1,0,1,0,0,0,0,0,0,0,0,0,0
287,574,34,0,2.3916666666666666,0.0,0.030503611131487737,0.0,0.0,0.0,5.838681266316314,0.06412472329502089,3.6457972295885575,1,1,0,1,0,0,0,0,0,0,0,0,0,0
288,576,34,0,2.4,0.0,0.03064641245959789,0.0,0.0,0.0,5.869327678775912,0.1126455656102298,3.697072067337765,1,1,0,1,0,0,0,0,0,0,0,0,0,0
289,578,34,0,2.408333333333333,0.0,0.030791794596155816,0.0,0.0,0.0,5.900119473372068,0.148602476889195,3.735537568960936,1,1,0,1,0,0,0,0,0,0,0,0,0,0
290,580,34,0,2.4166666666666665,0.0,0.03093879450568623,0.0,0.0,0.0,5.931058267877754,0.13887153307900893,3.7400639741531183,1,1,0,1,0,0,0,0,0,0,0,0,0,0
291,582,35,0,2.425,0.0,0.03108718837622206,0.0,0.0,0.0,5.962145456253976,0.12295829979313833,3.7345464624027187,1,1,0,1,0,0,0,0,0,0,0,0,0,0
292,584,35,0,2.433333333333333,0.0,0.03123675496607268,0.0,0.0,0.0,5.993382211220049,0.10637003994916928,3.7135471486928955,1,1,0,1,0,0,0,0,0,0,0,0,0,0
293,586,35,0,2.441666666666667,0.0,0.03138742994333451,0.0,0.0,0.0,6.024769641163384,0.08892085666177983,3.697961986691225,1,1,0,1,0,0,0,0,0,0,0,0,0,0
294,588,35,0,2.45,0.0,0.03153946883830585,0.0,0.0,0.0,6.056309110001689,0.07359095481752433,3.695320571718854,1,1,0,1,0,0,0,0,0,0,0,0,0,0
295,590,35,0,2.4583333333333335,0.0,0.031693000182472834,0.0,0.0,0.0,6.088002110184162,0.06467299148040082,3.695184372750933,1,1,0,1,0,0,0,0,0,0,0,0,0,0
296,592,35,0,2.466666666666667,0.0,0.031847960167507225,0.0,0.0,0.0,6.119850070351669,0.0603496034059283,3.689648211138026,1,1,0,1,0,0,0,0,0,0,0,0,0,0
297,594,35,0,2.475,0.0,0.03200425992905328,0.0,0.0,0.0,6.151854330280722,0.05474420198209013,3.6843337382778207,1,1,0,1,0,0,0,0,0,0,0,0,0,0
298,596,35,0,2.4833333333333334,0.0,0.03216207188244199,0.0,0.0,0.0,6.184016402163164,0.05056664913133047,3.68419585472534,1,1,0,1,0,0,0,0,0,0,0,0,0,0
299,598,36,0,2.4916666666666667,0.0,0.03232146749842586,0.0,0.0,0.0,6.21633786966159,0.051526845277536676,3.6839489453176424,1,1,0,1,0,0,0,0,0,0,0,0,0,0
300,600,36,0,2.5,0.0,0.03248227847339824,0.0,0.0,0.0,6.248820148134988,0.05647392470141399,3.6808632926438274,1,1,0,1,0,0,0,0,0,0,0,0,0,0
301,602,36,0,2.5083333333333333,0.0,0.03264458658640438,0.0,0.0,0.0,6.281464734721393,0.060681331768911856,3.6830135704018705,1,1,0,1,0,0,0,0,0,0,0,0,0,0
302,604,36,0,2.5166666666666666,0.0,0.03280890029221696,0.0,0.0,0.0,6.31427363501361,0.059472681770230386,3.690878156381323,1,1,0,1,0,0,0,0,0,0,0,0,0,0
303,606,36,0,2.525,0.0,0.03297533028344237,0.0,0.0,0.0,6.3472489652970525,0.05897458123273247,3.698399505571186,1,1,0,1,0,0,0,0,0,0,0,0,0,0
304,608,36,0,2.533333333333333,0.0,0.033143454499999,0.0,0.0,0.0,6.380392419797052,0.06259088160030253,3.6983642567227393,1,1,0,1,0,0,0,0,0,0,0,0,0,0
305,610,36,0,2.5416666666666665,0.0,0.033313191279042684,0.0,0.0,0.0,6.413705611076095,0.0649548052849566,3.700834892771439,1,1,0,1,0,0,0,0,0,0,0,0,0,0
306,612,36,0,2.55,0.0,0.03348513221471073,0.0,0.0,0.0,6.447190743290806,0.06043058268478092,3.7089632273445905,1,1,0,1,0,0,0,0,0,0,0,0,0,0
307,614,37,0,2.558333333333333,0.0,0.03365933273680096,0.0,0.0,0.0,6.480850076027607,0.05958131001985461,3.7157415718999616,1,1,0,1,0,0,0,0,0,0,0,0,0,0
308,616,37,0,2.566666666666667,0.0,0.03383522622837808,0.0,0.0,0.0,6.514685302255985,0.0652066984531545,3.712819273824852,1,1,0,1,0,0,0,0,0,0,0,0,0,0
309,618,37,0,2.575,0.0,0.03401264003040661,0.0,0.0,0.0,6.548697942286392,0.07478803642253326,3.712103783614739,1,1,0,1,0,0,0,0,0,0,0,0,0,0
310,620,37,0,2.5833333333333335,0.0,0.03419204755863233,0.0,0.0,0.0,6.582889989845024,0.07988754326608244,3.715032931227851,1,1,0,1,0,0,0,0,0,0,0,0,0,0
311,622,37,0,2.591666666666667,0.0,0.03437370555852351,0.0,0.0,0.0,6.6172636954035475,0.0820912658731838,3.719682769789356,1,1,0,1,0,0,0,0,0,0,0,0,0,0
312,624,37,0,2.6,0.0,0.03455719183695921,0.0,0.0,0.0,6.651820887240507,0.09144153907793014,3.721704879444711,1,1,0,1,0,0,0,0,0,0,0,0,0,0
313,626,37,0,2.6083333333333334,0.0,0.03474234269198233,0.0,0.0,0.0,6.686563229932489,0.10164543203253759,3.7266253482480667,1,1,0,1,0,0,0,0,0,0,0,0,0,0
314,628,37,0,2.6166666666666667,0.0,0.03492991369859461,0.0,0.0,0.0,6.721493143631084,0.09759654127092932,3.731781467869191,1,1,0,1,0,0,0,0,0,0,0,0,0,0
315,630,38,0,2.625,0.0,0.03512073027702248,0.0,0.0,0.0,6.7566138739081065,0.07353982045055847,3.7501419150608784,1,1,0,1,0,0,0,0,0,0,0,0,0,0
316,632,38,0,2.6333333333333333,0.0,0.035315337071346715,0.0,0.0,0.0,6.791929210979453,0.07079604946403861,3.7764110786391414,1,1,0,1,0,0,0,0,0,0,0,0,0,0
317,634,38,0,2.6416666666666666,0.0,0.035512092176398724,0.0,0.0,0.0,6.827441303155852,0.0702220675813333,3.7735308288608107,1,1,0,1,0,0,0,0,0,0,0,0,0,0
318,636,38,0,2.65,0.0,0.035711228468867574,0.0,0.0,0.0,6.86315253162472,0.0715727284600919,3.781263878093032,1,1,0,1,0,0,0,0,0,0,0,0,0,0
319,638,38,0,2.658333333333333,0.0,0.03591395022408169,0.0,0.0,0.0,6.899066481848801,0.10294953830536915,3.822450649378472,1,1,0,1,0,0,0,0,0,0,0,0,0,0
320,640,38,0,2.6666666666666665,0.0,0.036119911704591605,0.0,0.0,0.0,6.935186393553392,0.1325025862567714,3.8413791157609043,1,1,0,1,0,0,0,0,0,0,0,0,0,0
321,642,38,0,2.675,0.0,0.03632798157491095,0.0,0.0,0.0,6.9715143751283035,0.1258170536379952,3.827070316501493,1,1,0,1,0,0,0,0,0,0,0,0,0,0
322,644,38,0,2.683333333333333,0.0,0.03653838060130588,0.0,0.0,0.0,7.00805275572961,0.11240982906130677,3.8250641310379727,1,1,0,1,0,0,0,0,0,0,0,0,0,0
323,646,39,0,2.691666666666667,0.0,0.036751152923095186,0.0,0.0,0.0,7.044803908652705,0.09936804627098984,3.821082647399812,1,1,0,1,0,0,0,0,0,0,0,0,0,0
324,648,39,0,2.7,0.0,0.03696608302883828,0.0,0.0,0.0,7.0817699916815435,0.0887361747201686,3.808020711946421,1,1,0,1,0,0,0,0,0,0,0,0,0,0
325,650,39,0,2.7083333333333335,0.0,0.03718305087916934,0.0,0.0,0.0,7.118953042560713,0.0803274481628489,3.7978440551455317,1,1,0,1,0,0,0,0,0,0,0,0,0,0
326,652,39,0,2.716666666666667,0.0,0.03740244605724686,0.0,0.0,0.0,7.15635548861796,0.076386889545709,3.796319045089227,1,1,0,1,0,0,0,0,0,0,0,0,0,0
327,654,39,0,2.725,0.0,0.03762442468351034,0.0,0.0,0.0,7.193979913301471,0.07688511154511411,3.79568794596255,1,1,0,1,0,0,0,0,0,0,0,0,0,0
328,656,39,0,2.7333333333333334,0.0,0.03784884647441403,0.0,0.0,0.0,7.231828759775885,0.0783593076850808,3.7924146691141054,1,1,0,1,0,0,0,0,0,0,0,0,0,0
329,658,39,0,2.7416666666666667,0.0,0.038075738843631815,0.0,0.0,0.0,7.269904498619517,0.07957487139223202,3.792204020084734,1,1,0,1,0,0,0,0,0,0,0,0,0,0
330,660,39,0,2.75,0.0,0.03830550448675675,0.0,0.0,0.0,7.308210003106273,0.08200536226811768,3.794116348408899,1,1,0,1,0,0,0,0,0,0,0,0,0,0
331,662,40,0,2.7583333333333333,0.0,0.038538252481139686,0.0,0.0,0.0,7.346748255587413,0.0836029155261943,3.7967103709460392,1,1,0,1,0,0,0,0,0,0,0,0,0,0
332,664,40,0,2.7666666666666666,0.0,0.03877397597621151,0.0,0.0,0.0,7.385522231563625,0.08214155435334623,3.798210991689914,1,1,0,1,0,0,0,0,0,0,0,0,0,0
333,666,40,0,2.775,0.0,0.039012396452265174,0.0,0.0,0.0,7.42453462801589,0.08415246203478675,3.7976155754962715,1,1,0,1,0,0,0,0,0,0,0,0,0,0
334,668,40,0,2.783333333333333,0.0,0.03925372602008021,0.0,0.0,0.0,7.46378835403597,0.09099435860429357,3.7977541812490885,1,1,0,1,0,0,0,0,0,0,0,0,0,0
335,670,40,0,2.7916666666666665,0.0,0.03949809113496022,0.0,0.0,0.0,7.5032864451709305,0.09811428582584861,3.7986458854614362,1,1,0,1,0,0,0,0,0,0,0,0,0,0
336,672,40,0,2.8,0.0,0.039745574474846335,0.0,0.0,0.0,7.543032019645777,0.09710828129451628,3.8020678536473387,1,1,0,1,0,0,0,0,0,0,0,0,0,0
337,674,40,0,2.808333333333333,0.0,0.039996243155880185,0.0,0.0,0.0,7.5830282628016565,0.09635859203012474,3.8060414525702306,1,1,0,1,0,0,0,0,0,0,0,0,0,0
338,676,40,0,2.816666666666667,0.0,0.04025018814197573,0.0,0.0,0.0,7.623278450943633,0.10452724628274013,3.807216181144517,1,1,0,1,0,0,0,0,0,0,0,0,0,0
339,678,41,0,2.825,0.0,0.04050768094148696,0.0,0.0,0.0,7.66378613188512,0.10325050966683817,3.8111827528441333,1,1,0,1,0,0,0,0,0,0,0,0,0,0
340,680,41,0,2.8333333333333335,0.0,0.04077016590913565,0.0,0.0,0.0,7.704556297794255,0.07540509584159377,3.8338471310444913,1,1,0,1,0,0,0,0,0,0,0,0,0,0
341,682,41,0,2.841666666666667,0.0,0.04103830282439033,0.0,0.0,0.0,7.745594600618645,0.09560288700818823,3.864671998634482,1,1,0,1,0,0,0,0,0,0,0,0,0,0
342,684,41,0,2.85,0.0,0.041310593902290686,0.0,0.0,0.0,7.786905194520936,0.0962398562846922,3.873693844392292,1,1,0,1,0,0,0,0,0,0,0,0,0,0
343,686,41,0,2.8583333333333334,0.0,0.04158677766083335,0.0,0.0,0.0,7.828491972181769,0.09740739088298386,3.880831389974957,1,1,0,1,0,0,0,0,0,0,0,0,0,0
344,688,41,0,2.8666666666666667,0.0,0.04186695129598297,0.0,0.0,0.0,7.8703589234777525,0.1210700554459629,3.8889097040944502,1,1,0,1,0,0,0,0,0,0,0,0,0,0
345,690,41,0,2.875,0.0,0.042150996978986964,0.0,0.0,0.0,7.912509920456739,0.14069408979057202,3.892731234613169,1,1,0,1,0,0,0,0,0,0,0,0,0,0
346,692,41,0,2.8833333333333333,0.0,0.042438933860687394,0.0,0.0,0.0,7.9549488543174265,0.1341308415159667,3.8952179857321414,1,1,0,1,0,0,0,0,0,0,0,0,0,0
347,694,42,0,2.8916666666666666,0.0,0.04273075614751378,0.0,0.0,0.0,7.997679610464941,0.1218908721063401,3.892137606547203,1,1,0,1,0,0,0,0,0,0,0,0,0,0
348,696,42,0,2.9,0.0,0.04302610233942494,0.0,0.0,0.0,8.040705712804366,0.10722460990946506,3.873613463062572,1,1,0,1,0,0,0,0,0,0,0,0,0,0
349,698,42,0,2.908333333333333,0.0,0.04332478501023984,0.0,0.0,0.0,8.084030497814606,0.09181193871588775,3.8570401476175777,1,1,0,1,0,0,0,0,0,0,0,0,0,0
350,700,42,0,2.9166666666666665,0.0,0.04362741727518702,0.0,0.0,0.0,8.127657915089793,0.07784125953875777,3.8539147011125485,1,1,0,1,0,0,0,0,0,0,0,0,0,0
351,702,42,0,2.925,0.0,0.043934156874547894,0.0,0.0,0.0,8.17159207196434,0.06658663448114426,3.849566802825607,1,1,0,1,0,0,0,0,0,0,0,0,0,0
352,704,42,0,2.933333333333333,0.0,0.04424470991681681,0.0,0.0,0.0,8.215836781881157,0.059943904416981574,3.838792062999125,1,1,0,1,0,0,0,0,0,0,0,0,0,0
353,706,42,0,2.941666666666667,0.0,0.04455908065814013,0.0,0.0,0.0,8.260395862539296,0.05828862389727127,3.8331987959525398,1,1,0,1,0,0,0,0,0,0,0,0,0,0
354,708,42,0,2.95,0.0,0.044877940686738615,0.0,0.0,0.0,8.305273803226035,0.05802363365657902,3.833553217750038,1,1,0,1,0,0,0,0,0,0,0,0,0,0
355,710,43,0,2.9583333333333335,0.0,0.045201544592547827,0.0,0.0,0.0,8.350475347818582,0.05693971969261732,3.8346318495072187,1,1,0,1,0,0,0,0,0,0,0,0,0,0
356,712,43,0,2.966666666666667,0.0,0.045529577050516384,0.0,0.0,0.0,8.396004924869098,0.05601274678574957,3.8290247351330073,1,1,0,1,0,0,0,0,0,0,0,0,0,0
357,714,43,0,2.975,0.0,0.04586155972695392,0.0,0.0,0.0,8.441866484596051,0.05731918049504173,3.821743564011859,1,1,0,1,0,0,0,0,0,0,0,0,0,0
358,716,43,0,2.9833333333333334,0.0,0.04619823211713812,0.0,0.0,0.0,8.48806471671319,0.061918432175105446,3.8209016546487646,1,1,0,1,0,0,0,0,0,0,0,0,0,0
359,718,43,0,2.9916666666666667,0.0,0.046540044976640535,0.0,0.0,0.0,8.534604761689831,0.06050440644226038,3.8216825671442423,1,1,0,1,0,0,0,0,0,0,0,0,0,0
360,720,43,0,3.0,0.0,0.046886922594803766,0.0,0.0,0.0,8.581491684284634,0.05668572420305867,3.8204980135292193,1,1,0,1,0,0,0,0,0,0,0,0,0,0
361,722,43,0,3.0083333333333333,0.0,0.04723859101599352,0.0,0.0,0.0,8.628730275300628,0.05962632300864147,3.8191846297962364,1,1,0,1,0,0,0,0,0,0,0,0,0,0
362,724,43,0,3.0166666666666666,0.0,0.04759554032688154,0.0,0.0,0.0,8.676325815627509,0.062312190921831524,3.818656351461856,1,1,0,1,0,0,0,0,0,0,0,0,0,0
363,726,44,0,3.025,0.0,0.04795845145777824,0.0,0.0,0.0,8.724284267085288,0.04661386427139548,3.821773517815693,1,1,0,1,0,0,0,0,0,0,0,0,0,0
364,728,44,0,3.033333333333333,0.0,0.04832764548212527,0.0,0.0,0.0,8.772611912567413,0.058063004693049446,3.8280930303578113,1,1,0,1,0,0,0,0,0,0,0,0,0,0
365,730,44,0,3.0416666666666665,0.0,0.04870199462864104,0.0,0.0,0.0,8.821313907196053,0.0512451526431866,3.820248333398209,1,1,0,1,0,0,0,0,0,0,0,0,0,0
366,732,44,0,3.05,0.0,0.04908209306453594,0.0,0.0,0.0,8.87039600026059,0.04797356399189941,3.8218507803955295,1,1,0,1,0,0,0,0,0,0,0,0,0,0
367,734,44,0,3.058333333333333,0.0,0.04946860780253973,0.0,0.0,0.0,8.91986460806313,0.07601424806500336,3.8366216628064866,1,1,0,1,0,0,0,0,0,0,0,0,0,0
368,736,44,0,3.066666666666667,0.0,0.04986106116938853,0.0,0.0,0.0,8.969725669232517,0.10575990881656658,3.835402592689666,1,1,0,1,0,0,0,0,0,0,0,0,0,0
369,738,44,0,3.075,0.0,0.05025881586431993,0.0,0.0,0.0,9.019984485096836,0.09569955784708316,3.818522158019845,1,1,0,1,0,0,0,0,0,0,0,0,0,0
370,740,44,0,3.0833333333333335,0.0,0.05066266903106938,0.0,0.0,0.0,9.070647154127906,0.08099278261189778,3.815707283965051,1,1,0,1,0,0,0,0,0,0,0,0,0,0
371,742,45,0,3.091666666666667,0.0,0.051072872350833,0.0,0.0,0.0,9.121720026478739,0.06668340516568515,3.8123363421154672,1,1,0,1,0,0,0,0,0,0,0,0,0,0
372,744,45,0,3.1,0.0,0.05148908054150343,0.0,0.0,0.0,9.173209107020243,0.052470098119670495,3.8007425596426616,1,1,0,1,0,0,0,0,0,0,0,0,0,0
373,746,45,0,3.1083333333333334,0.0,0.05191110408736632,0.0,0.0,0.0,9.22512021110761,0.041171517279463776,3.790699762008403,1,1,0,1,0,0,0,0,0,0,0,0,0,0
374,748,45,0,3.1166666666666667,0.0,0.052339885379129696,0.0,0.0,0.0,9.27746009648674,0.037274024822863676,3.790376238388725,1,1,0,1,0,0,0,0,0,0,0,0,0,0
375,750,45,0,3.125,0.0,0.052775854043909776,0.0,0.0,0.0,9.33023595053065,0.03867621049483229,3.791384612101274,1,1,0,1,0,0,0,0,0,0,0,0,0,0
376,752,45,0,3.1333333333333333,0.0,0.053218463561847944,0.0,0.0,0.0,9.383454414092498,0.03786565337374939,3.7822702611943146,1,1,0,1,0,0,0,0,0,0,0,0,0,0
377,754,45,0,3.1416666666666666,0.0,0.05366747581811442,0.0,0.0,0.0,9.437121889910612,0.03424354200521492,3.7741855643738984,1,1,0,1,0,0,0,0,0,0,0,0,0,0
378,756,45,0,3.15,0.0,0.05412386489574483,0.0,0.0,0.0,9.491245754806357,0.035051591279168966,3.772912777668431,1,1,0,1,0,0,0,0,0,0,0,0,0,0
379,758,46,0,3.158333333333333,0.0,0.0545879664129533,0.0,0.0,0.0,9.54583372121931,0.06014121915061302,3.7776025654987517,1,1,0,1,0,0,0,0,0,0,0,0,0,0
380,760,46,0,3.1666666666666665,0.0,0.055059251260833365,0.0,0.0,0.0,9.600892972480143,0.10154092039430514,3.779075847993058,1,1,0,1,0,0,0,0,0,0,0,0,0,0
381,762,46,0,3.175,0.0,0.05553752563724316,0.0,0.0,0.0,9.656430498117386,0.09394443029392553,3.764666798381434,1,1,0,1,0,0,0,0,0,0,0,0,0,0
382,764,46,0,3.183333333333333,0.0,0.05602386551031888,0.0,0.0,0.0,9.712454363627705,0.08168219328441377,3.7634599374786677,1,1,0,1,0,0,0,0,0,0,0,0,0,0
383,766,46,0,3.191666666666667,0.0,0.056518697934408696,0.0,0.0,0.0,9.768973061562114,0.07379143286811762,3.763153957451636,1,1,0,1,0,0,0,0,0,0,0,0,0,0
384,768,46,0,3.2,0.0,0.057021895397841076,0.0,0.0,0.0,9.825994956959956,0.07163438359771543,3.7549184300922014,1,1,0,1,0,0,0,0,0,0,0,0,0,0
385,770,46,0,3.2083333333333335,0.0,0.05753348435397694,0.0,0.0,0.0,9.883528441313933,0.06580638642371646,3.7473507138031095,1,1,0,1,0,0,0,0,0,0,0,0,0,0
386,772,46,0,3.216666666666667,0.0,0.05805430697741318,0.0,0.0,0.0,9.941582748291346,0.05989075958057241,3.7494147024357845,1,1,0,1,0,0,0,0,0,0,0,0,0,0
387,774,47,0,3.225,0.0,0.05858487817834345,0.0,0.0,0.0,10.00016762646969,0.05931359263768906,3.7527142017772612,1,1,0,1,0,0,0,0,0,0,0,0,0,0
388,776,47,0,3.2333333333333334,0.0,0.0591245806456167,0.0,0.0,0.0,10.059292207115307,0.05572147257238081,3.7431946819561466,1,1,0,1,0,0,0,0,0,0,0,0,0,0
389,778,47,0,3.2416666666666667,0.0,0.059673437549182085,0.0,0.0,0.0,10.11896564466449,0.07234552746475548,3.739312319252104,1,1,0,1,0,0,0,0,0,0,0,0,0,0
390,780,47,0,3.25,0.0,0.06023269012033751,0.0,0.0,0.0,10.179198334784827,0.09562745535225436,3.7502863709338374,1,1,0,1,0,0,0,0,0,0,0,0,0,0
391,782,47,0,3.2583333333333333,0.0,0.06080235629623431,0.0,0.0,0.0,10.240000691081061,0.08380416836147055,3.7483870139153335,1,1,0,1,0,0,0,0,0,0,0,0,0,0
392,784,47,0,3.2666666666666666,0.0,0.06138214654352356,0.0,0.0,0.0,10.301382837624585,0.07832185143623903,3.7374583424508465,1,1,0,1,0,0,0,0,0,0,0,0,0,0
393,786,47,0,3.275,0.0,0.06197200633531244,0.0,0.0,0.0,10.363354843959897,0.11611994438948728,3.740164271285627,1,1,0,1,0,0,0,0,0,0,0,0,0,0
394,788,47,0,3.283333333333333,0.0,0.06257262658731484,0.0,0.0,0.0,10.425927470547212,0.1447428049606979,3.757106048635056,1,1,0,1,0,0,0,0,0,0,0,0,0,0
395,790,48,0,3.2916666666666665,0.0,0.06318451930676602,0.0,0.0,0.0,10.489111989853978,0.13412929332852927,3.754196392019098,1,1,0,1,0,0,0,0,0,0,0,0,0,0
396,792,48,0,3.3,0.0,0.06380729797655701,0.0,0.0,0.0,10.552919287830536,0.1275259192258306,3.732371596760635,1,1,0,1,0,0,0,0,0,0,0,0,0,0
397,794,48,0,3.308333333333333,0.0,0.0644402549665842,0.0,0.0,0.0,10.61735954279712,0.15371705314056722,3.7240462322164767,1,1,0,0,0,0,0,0,0,0,0,0,0,0
398,796,48,0,3.316666666666667,0.0,0.06508410695833301,0.0,0.0,0.0,10.682443649755452,0.17379506551272803,3.73464382369321,1,1,0,0,0,0,0,0,0,0,0,0,0,0
399,798,48,0,3.325,0.0,0.0657402087793894,0.0,0.0,0.0,10.748183858534842,0.16206712635504672,3.7314194224051405,1,1,0,0,0,0,0,0,0,0,0,0,0,0
400,800,48,0,3.3333333333333335,0.0,0.06640867040915048,0.0,0.0,0.0,10.814592528943994,0.14708218657190256,3.7103381572502645,1,1,0,1,0,0,0,0,0,0,0,0,0,0
401,802,48,0,3.341666666666667,0.0,0.06708948219964543,0.0,0.0,0.0,10.881682011143639,0.13935968106508811,3.693931183464386,1,1,0,1,0,0,0,0,0,0,0,0,0,0
402,804,48,0,3.35,0.0,0.06778351512331761,0.0,0.0,0.0,10.949465526266955,0.1376760031357496,3.695973606615491,1,1,0,1,0,0,0,0,0,0,0,0,0,0
403,806,49,0,3.3583333333333334,0.0,0.06849134164453641,0.0,0.0,0.0,11.017956867911492,0.13072794067905216,3.6938979262562226,1,1,0,1,0,0,0,0,0,0,0,0,0,0
404,808,49,0,3.3666666666666667,0.0,0.06921291786033394,0.0,0.0,0.0,11.087169785771826,0.11862231048198611,3.674866435830564,1,1,0,1,0,0,0,0,0,0,0,0,0,0
405,810,49,0,3.375,0.0,0.0699485961934707,0.0,0.0,0.0,11.157118381965295,0.10261790077859922,3.659691433356701,1,1,0,1,0,0,0,0,0,0,0,0,0,0
406,812,49,0,3.3833333333333333,0.0,0.07069959043602936,0.0,0.0,0.0,11.227817972401326,0.08614854895326979,3.657098072669361,1,1,0,1,0,0,0,0,0,0,0,0,0,0
407,814,49,0,3.3916666666666666,0.0,0.07146624646350629,0.0,0.0,0.0,11.299284218864832,0.07787658236060939,3.6540653018162335,1,1,0,1,0,0,0,0,0,0,0,0,0,0
408,816,49,0,3.4,0.0,0.07224804899361294,0.0,0.0,0.0,11.371532267858445,0.07957874445191511,3.6419296226784397,1,1,0,1,0,0,0,0,0,0,0,0,0,0
409,818,49,0,3.408333333333333,0.0,0.07304520816378349,0.0,0.0,0.0,11.444577476022229,0.07766835454809129,3.630944644737354,1,1,0,1,0,0,0,0,0,0,0,0,0,0
410,820,49,0,3.4166666666666665,0.0,0.07385914366726787,0.0,0.0,0.0,11.518436619689496,0.07029026565240674,3.6286157947832534,1,1,0,1,0,0,0,0,0,0,0,0,0,0
411,822,50,0,3.425,0.0,0.07468981790689637,0.0,0.0,0.0,11.593126437596393,0.08211882489140017,3.626127535651963,1,1,0,1,0,0,0,0,0,0,0,0,0,0
412,824,50,0,3.433333333333333,0.0,0.07553420729137551,0.0,0.0,0.0,11.668660644887769,0.14944210544563974,3.6231713171260784,1,1,0,1,0,0,0,0,0,0,0,0,0,0
413,826,50,0,3.441666666666667,0.0,0.07639132946489771,0.0,0.0,0.0,11.745051974352666,0.21352857299983855,3.631570937082908,1,1,0,0,0,0,0,0,0,0,0,0,0,0
414,828,50,0,3.45,0.0,0.07726594149915857,0.0,0.0,0.0,11.822317915851825,0.21435929751608568,3.635595487269812,1,1,0,0,0,0,0,0,0,0,0,0,0,0
415,830,50,0,3.4583333333333335,0.0,0.07815967754342723,0.0,0.0,0.0,11.900477593395252,0.20305354771949333,3.6309535251861838,1,1,0,0,0,0,0,0,0,0,0,0,0,0
416,832,50,0,3.466666666666667,0.0,0.07907289100974466,0.0,0.0,0.0,11.979550484404996,0.19330399655203176,3.609377147292981,1,1,0,0,0,0,0,0,0,0,0,0,0,0
417,834,50,0,3.475,0.0,0.08000524753954238,0.0,0.0,0.0,12.059555731944538,0.2054530714018516,3.60166042708126,1,1,0,0,0,0,0,0,0,0,0,0,0,0
418,836,50,0,3.4833333333333334,0.0,0.08095709647143347,0.0,0.0,0.0,12.140512828415972,0.22120927485840589,3.615227808407612,1,1,0,0,0,0,0,0,0,0,0,0,0,0
419,838,51,0,3.4916666666666667,0.0,0.08193026536660421,0.0,0.0,0.0,12.222443093782577,0.21311476821410533,3.6109181480298935,1,1,0,0,0,0,0,0,0,0,0,0,0,0
420,840,51,0,3.5,0.0,0.08292563914661948,0.0,0.0,0.0,12.305368732929196,0.1992995763636378,3.5825679012669407,1,1,0,0,0,0,0,0,0,0,0,0,0,0
421,842,51,0,3.5083333333333333,0.0,0.08394426473120004,0.0,0.0,0.0,12.389312997660396,0.1845748438538101,3.5609721672368115,1,1,0,0,0,0,0,0,0,0,0,0,0,0
422,844,51,0,3.5166666666666666,0.0,0.08498660114369405,0.0,0.0,0.0,12.47429959880409,0.18122566722772124,3.5602688077822533,1,1,0,0,0,0,0,0,0,0,0,0,0,0
423,846,51,0,3.525,0.0,0.0860522149866063,0.0,0.0,0.0,12.560351813790696,0.18810983780266077,3.5610329483169245,1,1,0,0,0,0,0,0,0,0,0,0,0,0
424,848,51,0,3.533333333333333,0.0,0.08714234550768041,0.0,0.0,0.0,12.647494159298377,0.18418118469841524,3.5446972560181846,1,1,0,0,0,0,0,0,0,0,0,0,0,0
425,850,51,0,3.5416666666666665,0.0,0.08825861044381106,0.0,0.0,0.0,12.735752769742188,0.1765681362370815,3.5296065653139643,1,1,0,0,0,0,0,0,0,0,0,0,0,0
426,852,51,0,3.55,0.0,0.08939982486926051,0.0,0.0,0.0,12.825152594611449,0.19044741661674805,3.5311434614206436,1,1,0,0,0,0,0,0,0,0,0,0,0,0
427,854,52,0,3.558333333333333,0.0,0.09056371884210286,0.0,0.0,0.0,12.915716313453553,0.21361191520371273,3.534005450662683,1,1,0,0,0,0,0,0,0,0,0,0,0,0
428,856,52,0,3.566666666666667,0.0,0.09175487153131816,0.0,0.0,0.0,13.00747118498487,0.20587373211306298,3.511323604654339,1,1,0,0,0,0,0,0,0,0,0,0,0,0
429,858,52,0,3.575,0.0,0.09297616849337759,0.0,0.0,0.0,13.100447353478248,0.1901636727508928,3.4929346613446346,1,1,0,0,0,0,0,0,0,0,0,0,0,0
430,860,52,0,3.5833333333333335,0.0,0.09422937239955705,0.0,0.0,0.0,13.194676725877805,0.17296691259048572,3.4879734964253,1,1,0,0,0,0,0,0,0,0,0,0,0,0
431,862,52,0,3.591666666666667,0.0,0.09551590218930261,0.0,0.0,0.0,13.290192628067107,0.15553651551171713,3.4797102182643496,1,1,0,0,0,0,0,0,0,0,0,0,0,0
432,864,52,0,3.6,0.0,0.09683731910511664,0.0,0.0,0.0,13.387029947172223,0.138026706516339,3.460584760447792,1,1,0,1,0,0,0,0,0,0,0,0,0,0
433,866,52,0,3.6083333333333334,0.0,0.0981952795080239,0.0,0.0,0.0,13.485225226680248,0.12084469999379872,3.448203089983431,1,1,0,1,0,0,0,0,0,0,0,0,0,0
434,868,52,0,3.6166666666666667,0.0,0.09959133687970323,0.0,0.0,0.0,13.58481656355995,0.1048634775108651,3.4448861875267327,1,1,0,1,0,0,0,0,0,0,0,0,0,0
435,870,53,0,3.625,0.0,0.10102559581534963,0.0,0.0,0.0,13.6858421593753,0.10088230029858014,3.4373512521438534,1,1,0,1,0,0,0,0,0,0,0,0,0,0
436,872,53,0,3.6333333333333333,0.0,0.10249057530136524,0.0,0.0,0.0,13.788332734676665,0.12438467279097712,3.417459630605316,1,1,0,1,0,0,0,0,0,0,0,0,0,0
437,874,53,0,3.6416666666666666,0.0,0.1039935129238545,0.0,0.0,0.0,13.892326247600518,0.12053815516683551,3.405090340880183,1,1,0,1,0,0,0,0,0,0,0,0,0,0
438,876,53,0,3.65,0.0,0.10553802731999283,0.0,0.0,0.0,13.997864274920511,0.11336262469369267,3.3996232597252223,1,1,0,1,0,0,0,0,0,0,0,0,0,0
439,878,53,0,3.658333333333333,0.0,0.10712343077330555,0.0,0.0,0.0,14.104987705693816,0.11534623914639287,3.3893293999456153,1,1,0,1,0,0,0,0,0,0,0,0,0,0
440,880,53,0,3.6666666666666665,0.0,0.10874759092817253,0.0,0.0,0.0,14.213735296621989,0.12427121619695973,3.3681170768948125,1,1,0,1,0,0,0,0,0,0,0,0,0,0
441,882,53,0,3.675,0.0,0.11041686934892388,0.0,0.0,0.0,14.324152165970913,0.1187808768405584,3.35435270927421,1,1,0,1,0,0,0,0,0,0,0,0,0,0
442,884,53,0,3.683333333333333,0.0,0.11213549486385162,0.0,0.0,0.0,14.436287660834765,0.1093275126032141,3.3489692106348534,1,1,0,1,0,0,0,0,0,0,0,0,0,0
443,886,54,0,3.691666666666667,0.0,0.11390438370600629,0.0,0.0,0.0,14.55019204454077,0.10525022743750856,3.340673151099815,1,1,0,1,0,0,0,0,0,0,0,0,0,0
444,888,54,0,3.7,0.0,0.11572087332391692,0.0,0.0,0.0,14.665912917864688,0.11165408724396847,3.3226653511204463,1,1,0,1,0,0,0,0,0,0,0,0,0,0
445,890,54,0,3.7083333333333335,0.0,0.11758444648939584,0.0,0.0,0.0,14.783497364354083,0.11833918808446571,3.3046155565550595,1,1,0,1,0,0,0,0,0,0,0,0,0,0
446,892,54,0,3.716666666666667,0.0,0.11950276944897337,0.0,0.0,0.0,14.903000133803056,0.11272585468772632,3.297392201263852,1,1,0,1,0,0,0,0,0,0,0,0,0,0
447,894,54,0,3.725,0.0,0.12147859881995463,0.0,0.0,0.0,15.024478732623011,0.1113518626708279,3.2866118448080264,1,1,0,1,0,0,0,0,0,0,0,0,0,0
448,896,54,0,3.7333333333333334,0.0,0.12350285796415408,0.0,0.0,0.0,15.147981590587165,0.13233588195311968,3.257093904736213,1,1,0,1,0,0,0,0,0,0,0,0,0,0
449,898,54,0,3.7416666666666667,0.0,0.1255761321133187,0.0,0.0,0.0,15.273557722700483,0.14639228036443305,3.233595209764007,1,1,0,1,0,0,0,0,0,0,0,0,0,0
450,900,54,0,3.75,0.0,0.12771457192893187,0.0,0.0,0.0,15.401272294629415,0.13531617591574668,3.228527170788245,1,1,0,1,0,0,0,0,0,0,0,0,0,0
451,902,55,0,3.7583333333333333,0.0,0.12992523658598262,0.0,0.0,0.0,15.531197531215398,0.12218214393074792,3.224265941572982,1,1,0,1,0,0,0,0,0,0,0,0,0,0
452,904,55,0,3.7666666666666666,0.0,0.13221388762175543,0.0,0.0,0.0,15.663411418837153,0.11144765595785164,3.2170011733417874,1,1,0,1,0,0,0,0,0,0,0,0,0,0
453,906,55,0,3.775,0.0,0.13458570760527086,0.0,0.0,0.0,15.797997126442425,0.1034896844731476,3.21423350097333,1,1,1,1,0,0,0,0,0,0,0,0,0,0
454,908,55,0,3.783333333333333,0.0,0.13704179082666543,0.0,0.0,0.0,15.93503891726909,0.10005097106916863,3.210313913773305,1,1,1,1,0,0,0,0,0,0,0,0,0,0
455,910,55,0,3.7916666666666665,0.0,0.13958224539466543,0.0,0.0,0.0,16.074621162663757,0.10046935688588103,3.2009385288588916,1,1,1,1,0,0,0,0,0,0,0,0,0,0
456,912,55,0,3.8,0.0,0.14220756372236049,0.0,0.0,0.0,16.21682872638612,0.10224788798064974,3.1878067898975613,1,1,1,1,0,0,0,0,0,0,0,0,0,0
457,914,55,0,3.808333333333333,0.0,0.14492312112719785,0.0,0.0,0.0,16.361751847513318,0.10426970514786069,3.177339966546665,1,1,1,1,0,0,0,0,0,0,0,0,0,0
458,916,55,0,3.816666666666667,0.0,0.1477341565311943,0.0,0.0,0.0,16.50948600404451,0.10710554159300134,3.1659765668204187,1,1,1,1,0,0,0,0,0,0,0,0,0,0
459,918,56,0,3.825,0.0,0.1506444464460898,0.0,0.0,0.0,16.660130450490602,0.11082926304146455,3.155479314629904,1,1,1,1,0,0,0,0,0,0,0,0,0,0
460,920,56,0,3.8333333333333335,0.0,0.1536683085510189,0.0,0.0,0.0,16.81379875904162,0.11757208848330365,3.1576958207589154,1,1,1,1,0,0,0,0,0,0,0,0,0,0
461,922,56,0,3.841666666666667,0.0,0.15681699518754694,0.0,0.0,0.0,16.97061575422917,0.1287004068160749,3.1675731053439065,1,1,1,1,0,0,0,0,0,0,0,0,0,0
462,924,56,0,3.85,0.0,0.1600954139939882,0.0,0.0,0.0,17.130711168223158,0.14327189114538574,3.1689877033903344,1,1,1,1,0,0,0,0,0,0,0,0,0,0
463,926,56,0,3.8583333333333334,0.0,0.16350802331887282,0.0,0.0,0.0,17.29421919154203,0.15692360831471672,3.165282421353675,1,1,1,0,0,0,0,0,0,0,0,0,0,0
464,928,56,0,3.8666666666666667,0.0,0.16705549972574238,0.0,0.0,0.0,17.46127469126777,0.16414145383270323,3.157392495198976,1,1,1,0,0,0,0,0,0,0,0,0,0,0
465,930,56,0,3.875,0.0,0.1707401882573603,0.0,0.0,0.0,17.632014879525133,0.1692141979044738,3.1468297930324995,1,1,1,0,0,0,0,0,0,0,0,0,0,0
466,932,56,0,3.8833333333333333,0.0,0.174574083118664,0.0,0.0,0.0,17.806588962643797,0.17924903679224413,3.1335887991692175,1,1,1,0,0,0,0,0,0,0,0,0,0,0
467,934,57,0,3.8916666666666666,0.0,0.17855948327902604,0.0,0.0,0.0,17.985148445922825,0.1763776183691847,3.1024706573334675,1,1,1,0,0,0,0,0,0,0,0,0,0,0
468,936,57,0,3.9,0.0,0.18264265617178446,0.0,0.0,0.0,18.167791102094608,0.13515112248626665,3.0136773572680933,1,1,1,1,0,0,0,0,0,0,0,0,0,0
469,938,57,0,3.908333333333333,0.0,0.18680273657223986,0.0,0.0,0.0,18.354593838666847,0.13589167613294628,2.9423709299194534,1,1,1,1,0,0,0,0,0,0,0,0,0,0
470,940,57,0,3.9166666666666665,0.0,0.19112031252274675,0.0,0.0,0.0,18.545714151189593,0.13741284453623784,2.928159738660224,1,1,1,1,0,0,0,0,0,0,0,0,0,0
471,942,57,0,3.925,0.0,0.19562471666338585,0.0,0.0,0.0,18.741338867852978,0.1384137092933697,2.9159575049951383,1,1,1,1,0,0,0,0,0,0,0,0,0,0
472,944,57,0,3.933333333333333,0.0,0.20028442075335753,0.0,0.0,0.0,18.941623288606337,0.15349014842837516,2.8760088870633886,1,1,1,0,0,0,0,0,0,0,0,0,0,0
473,946,57,0,3.941666666666667,0.0,0.20507468347695587,0.0,0.0,0.0,19.14669797208329,0.18090451244605615,2.836400280108019,1,1,1,0,0,0,0,0,0,0,0,0,0,0
474,948,57,0,3.95,0.0,0.21006783409675603,0.0,0.0,0.0,19.356765806180046,0.1767507799010701,2.8277301772735246,1,1,1,0,0,0,0,0,0,0,0,0,0,0
475,950,58,0,3.9583333333333335,0.0,0.2152930667038521,0.0,0.0,0.0,19.572058872883897,0.16983180146143786,2.819411348771473,1,1,1,0,0,0,0,0,0,0,0,0,0,0
476,952,58,0,3.966666666666667,0.0,0.22077231738203795,0.0,0.0,0.0,19.792831190265936,0.16384565553468425,2.804610333675008,1,1,1,0,0,0,0,0,0,0,0,0,0,0
477,954,58,0,3.975,0.0,0.22653301858435282,0.0,0.0,0.0,20.019364208850288,0.15824144787802832,2.799091488253781,1,1,1,0,0,0,0,0,0,0,0,0,0,0
478,956,58,0,3.9833333333333334,0.0,0.23259529318938155,0.0,0.0,0.0,20.251959502039668,0.1561252049765768,2.7965000032004563,1,1,1,0,0,0,0,0,0,0,0,0,0,0
479,958,58,0,3.9916666666666667,0.0,0.23897374179798705,0.0,0.0,0.0,20.490933243837656,0.15804995134533886,2.7891558104025203,1,1,1,0,0,0,0,0,0,0,0,0,0,0
480,960,58,0,4.0,0.0,0.245676917654118,0.0,0.0,0.0,20.736610161491775,0.16135642829914745,2.775517248981569,1,1,1,0,0,0,0,0,0,0,0,0,0,0
481,962,58,0,4.008333333333334,0.0,0.25272670296244326,0.0,0.0,0.0,20.98933686445422,0.1650874848732507,2.7642429686170593,1,1,1,0,0,0,0,0,0,0,0,0,0,0
482,964,58,0,4.016666666666667,0.0,0.26015721673936343,0.0,0.0,0.0,21.249494081193582,0.17009459795949333,2.7524560133154234,1,1,1,0,0,0,0,0,0,0,0,0,0,0
483,966,59,0,4.025,0.0,0.2679993212793871,0.0,0.0,0.0,21.51749340247297,0.1766802574421776,2.7430893768001505,1,1,1,0,0,0,0,0,0,0,0,0,0,0
484,968,59,0,4.033333333333333,0.0,0.2763204714772911,0.0,0.0,0.0,21.79381387395026,0.18807361341338466,2.75005219409482,1,1,1,0,0,0,0,0,0,0,0,0,0,0
485,970,59,0,4.041666666666667,0.0,0.28516933431167135,0.0,0.0,0.0,22.07898320826193,0.2013537251610545,2.757213227454039,1,1,1,0,0,0,0,0,0,0,0,0,0,0
486,972,59,0,4.05,0.0,0.29454102451543607,0.0,0.0,0.0,22.373524232777367,0.20750917252431228,2.733117794147704,1,1,1,0,0,0,0,0,0,0,0,0,0,0
487,974,59,0,4.058333333333334,0.0,0.3044456931551128,0.0,0.0,0.0,22.67796992593248,0.21128393961235958,2.706288652094058,1,1,1,0,0,0,0,0,0,0,0,0,0,0
488,976,59,0,4.066666666666666,0.0,0.3149864806008138,0.0,0.0,0.0,22.992956406533295,0.22389744857294674,2.709870206182097,1,1,1,0,0,0,0,0,0,0,0,0,0,0
489,978,59,0,4.075,0.0,0.32624311106784165,0.0,0.0,0.0,23.319199517601138,0.23768476340191544,2.713547143334956,1,1,1,0,0,0,0,0,0,0,0,0,0,0
490,980,59,0,4.083333333333333,0.0,0.338198889282378,0.0,0.0,0.0,23.657398406883516,0.23841484748587072,2.672342510805513,1,1,1,0,0,0,0,0,0,0,0,0,0,0
491,982,60,0,4.091666666666667,0.0,0.3508852880143707,0.0,0.0,0.0,24.008283694897887,0.23979030932349624,2.6359025024707776,1,1,1,0,0,0,0,0,0,0,0,0,0,0
492,984,60,0,4.1,0.0,0.36447946379932467,0.0,0.0,0.0,24.37276315869721,0.2545080889132971,2.6396766353709893,1,1,1,0,0,0,0,0,0,0,0,0,0,0
493,986,60,0,4.108333333333333,0.0,0.3791259017086175,0.0,0.0,0.0,24.75188906040583,0.2754330384408716,2.6552494139703104,1,1,1,0,0,0,0,0,0,0,0,0,0,0
494,988,60,0,4.116666666666666,0.0,0.3949561139459427,0.0,0.0,0.0,25.14684517435177,0.3000401370528041,2.6581567202789387,1,1,1,0,0,0,0,0,0,0,0,0,0,0
495,990,60,0,4.125,0.0,0.4121163977462519,0.0,0.0,0.0,25.558961572098024,0.3265356811719663,2.6642331553010026,1,1,1,0,0,0,0,0,0,0,0,0,0,0
496,992,60,0,4.133333333333334,0.0,0.43075570997877155,0.0,0.0,0.0,25.989717282076796,0.3534540598095953,2.690541673930109,1,1,1,0,0,0,0,0,0,0,0,0,0,0
497,994,60,0,4.141666666666667,0.0,0.4510048813519615,0.0,0.0,0.0,26.44072216342876,0.37636207221253415,2.707204737783087,1,1,1,0,0,0,0,0,0,0,0,0,0,0
498,996,60,0,4.15,0.0,0.47302943404411696,0.0,0.0,0.0,26.913751597472878,0.39390009015656346,2.685150685791694,1,1,1,0,0,0,0,0,0,0,0,0,0,0
499,998,61,0,4.158333333333333,0.0,0.4969903127395961,0.0,0.0,0.0,27.410741910212472,0.3957476233001873,2.632778292420426,1,1,1,0,0,0,0,0,0,0,0,0,0,0
500,1000,61,0,4.166666666666667,0.0,0.5227105596132409,0.0,0.0,0.0,27.933452469825713,0.35857000105471576,2.5264727357224044,1,1,1,0,0,0,0,0,0,0,0,0,0,0
501,1002,61,0,4.175,0.0,0.5504906337444327,0.0,0.0,0.0,28.483943103570144,0.3448407314089201,2.466724302075593,1,1,1,0,0,0,0,0,0,0,0,0,0,0
502,1004,61,0,4.183333333333334,0.0,0.581042889468593,0.0,0.0,0.0,29.064985993038736,0.36006439398137224,2.4466566205811295,1,1,1,0,0,0,0,0,0,0,0,0,0,0
503,1006,61,0,4.191666666666666,0.0,0.6149406140200103,0.0,0.0,0.0,29.679926607058746,0.38332895759010094,2.4426817897810884,1,1,1,0,0,0,0,0,0,0,0,0,0,0
504,1008,61,0,4.2,0.0,0.6526639129705009,0.0,0.0,0.0,30.332590520029246,0.406728744340207,2.4570264001166207,1,1,1,0,0,0,0,0,0,0,0,0,0,0
505,1010,61,0,4.208333333333333,0.0,0.6945841536526169,0.0,0.0,0.0,31.027174673681863,0.4115116560571864,2.435988988848365,1,1,1,0,0,0,0,0,0,0,0,0,0,0
506,1012,61,0,4.216666666666667,0.0,0.7413994710288817,0.0,0.0,0.0,31.768574144710744,0.4119238224393275,2.385076290455132,1,1,1,0,0,0,0,0,0,0,0,0,0,0
507,1014,62,0,4.225,0.0,0.7944277866671355,0.0,0.0,0.0,32.563001931377876,0.4357931611549196,2.3768435138350323,1,1,1,0,0,0,0,0,0,0,0,0,0,0
508,1016,62,0,4.233333333333333,0.0,0.854899329162598,0.0,0.0,0.0,33.417901260540475,0.46191866951789196,2.3865839225932994,1,1,1,0,0,0,0,0,0,0,0,0,0,0
509,1018,62,0,4.241666666666666,0.0,0.9242070364513032,0.0,0.0,0.0,34.342108296991775,0.4831631709641348,2.3846645922836016,1,1,1,0,0,0,0,0,0,0,0,0,0,0
510,1020,62,0,4.25,0.0,1.0045097244241128,0.0,0.0,0.0,35.346618021415885,0.4980472441962983,2.3498607436345784,1,1,1,0,0,0,0,0,0,0,0,0,0,0
511,1022,62,0,4.258333333333334,0.0,1.0986756873500416,0.0,0.0,0.0,36.445293708765924,0.516320842960632,2.3267676075205204,1,1,1,0,0,0,0,0,0,0,0,0,0,0
512,1024,62,0,4.266666666666667,0.0,1.2098953112260002,0.0,0.0,0.0,37.65518901999192,0.5385024099690837,2.3353383465017594,1,1,1,0,0,0,0,0,0,0,0,0,0,0
513,1026,62,0,4.275,0.0,1.342512834517946,0.0,0.0,0.0,38.99770185450987,0.5566380427829484,2.3302095881704816,1,1,1,0,0,0,0,0,0,0,0,0,0,0
514,1028,62,0,4.283333333333333,0.0,1.5041853177627296,0.0,0.0,0.0,40.5018871722726,0.5721462455726171,2.289516667012654,1,1,1,0,0,0,0,0,0,0,0,0,0,0
515,1030,63,0,4.291666666666667,0.0,1.705708694276563,0.0,0.0,0.0,342.2075958665491,0.5762989334225102,2.2286711213928503,1,1,1,0,1,0,1,0,0,0,1,0,0,0
516,1032,63,0,4.3,0.0,1.705708694276563,0.0,0.0,0.0,642.2075958665491,1.5707963267948966,0.0,0,0,1,0,1,0,1,0,0,0,1,0,0,0
517,1034,63,0,4.308333333333334,0.0,1.705708694276563,0.0,0.0,0.0,942.2075958665491,1.5707963267948966,0.0,0,0,1,0,1,0,1,0,0,0,1,0,0,0
518,1036,63,0,4.316666666666666,0.0,1.705708694276563,0.0,0.0,0.0,1242.2075958665491,1.5707963267948966,0.0,0,0,1,0,1,0,1,0,0,0,1,0,0,0
519,1038,63,0,4.325,0.0,1.705708694276563,0.0,0.0,0.0,1542.2075958665491,1.5707963267948966,0.0,0,0,1,0,1,0,1,0,0,0,1,0,0,0
520,1040,63,0,4.333333333333333,0.0,1.705708694276563,0.0,0.0,0.0,1842.2075958665491,1.5707963267948966,0.0,0,0,1,0,1,0,1,0,0,0,1,0,0,0
521,1042,63,0,4.341666666666667,0.0,1.705708694276563,0.0,0.0,0.0,2142.207595866549,1.5707963267948966,0.0,0,0,1,0,1,0,1,0,0,0,1,0,0,0
522,1044,63,0,4.35,0.0,1.705708694276563,0.0,0.0,0.0,2442.207595866549,1.5707963267948966,0.0,0,0,1,0,1,0,1,0,0,0,1,0,0,0
