agent_id,elapsed_time,rew_closing_distance,rew_engaging_enemy,rew_speed_magnitude,rew_near_engagement,acc_rewards,vel_angles,rel_vel_magnitudade,approaching,chasing,in_range,current_term,info[downed],info[exploded_target],info[exploded_ally],info[crashes],info[ally_collision],info[mission_complete],info[out_of_bounds],info[timeover]
0,0.09166666666666666,-9.412407505937637e-05,0.0,0.0,0.0,0.17667962989317249,1.5761888236546318,0.013846731068049317,0,0,0,0,0,0,0,0,0,0,0,0
1,0.09166666666666666,1.7001988465104034e-05,0.0,0.0,0.0,0.23572020694268092,1.5771077106648757,0.03061175040473549,1,0,0,0,0,0,0,0,0,0,0,0
2,0.09166666666666666,-3.5607164359241494e-06,0.0,0.0,0.0,0.2773462634951848,1.5827388113171434,0.027497174791444704,0,0,0,0,0,0,0,0,0,0,0,0
0,0.1,8.948656779139696e-06,0.0,0.0,0.0,0.3534626121548444,1.5468778548988713,0.17699837179146372,1,1,0,0,0,0,0,0,0,0,0,0
1,0.1,7.245684692236409e-06,0.0,0.0,0.0,0.4714310601235412,1.5720734959186906,0.19114459731220976,1,0,0,0,0,0,0,0,0,0,0,0
2,0.1,-2.005934797333353e-05,0.0,0.0,0.0,0.5546744853436972,1.6169756487626852,0.19099746050609953,0,0,0,0,0,0,0,0,0,0,0,0
0,0.10833333333333334,5.82134326680972e-05,0.0,0.0,0.0,0.5302966783261148,1.5504233011151292,0.3573059320415507,1,1,0,0,0,0,0,0,0,0,0,0
1,0.10833333333333334,2.5272839592638263e-05,0.0,0.0,0.0,0.7071613445303588,1.562924719243573,0.3648353290972743,1,1,0,0,0,0,0,0,0,0,0,0
2,0.10833333333333334,-5.432478949130015e-05,0.0,0.0,0.0,0.8319642630384417,1.595615191090848,0.3725155168627166,0,0,0,0,0,0,0,0,0,0,0,0
0,0.11666666666666667,7.666554804774961e-05,0.0,0.0,0.0,0.7071515924207731,1.5432682577549943,0.38335971917304995,1,1,0,0,0,0,0,0,0,0,0,0
1,0.11666666666666667,3.8970036469798686e-05,0.0,0.0,0.0,0.942907491206508,1.5577420371446502,0.39609527391738436,1,1,0,0,0,0,0,0,0,0,0,0
2,0.11666666666666667,-7.042122670330997e-05,0.0,0.0,0.0,1.1092325276185309,1.6012796385055599,0.4107893917364445,0,0,0,0,0,0,0,0,0,0,0,0
0,0.125,9.978794276754854e-05,0.0,0.0,0.0,0.8840327473931732,1.529313631274602,0.4470598751024992,1,1,0,0,0,0,0,0,0,0,0,0
1,0.125,6.212440477249004e-05,0.0,0.0,0.0,1.1786802438012995,1.5441951560526952,0.45607284560834876,1,1,0,0,0,0,0,0,0,0,0,0
2,0.125,-8.78768366252558e-05,0.0,0.0,0.0,1.386476577553048,1.6077212940056895,0.4790060796652328,0,0,0,0,0,0,0,0,0,0,0,0
0,0.13333333333333333,0.00022527010108230883,0.0,0.0,0.0,1.0610464248670035,1.5131642298265104,0.6738643608280792,1,1,0,0,0,0,0,0,0,0,0,0
1,0.13333333333333333,0.00019931877280754406,0.0,0.0,0.0,1.4146012653358326,1.5218434778069556,0.6664670733273749,1,1,0,0,0,0,0,0,0,0,0,0
2,0.13333333333333333,-0.00015713141901008143,0.0,0.0,0.0,1.6636392879833577,1.6086313644286894,0.6915795976290516,0,0,0,0,0,0,0,0,0,0,0,0
0,0.14166666666666666,0.0003827114082399774,0.0,0.0,0.0,1.2382295057736445,1.506114557940155,0.8540606944807073,1,1,0,0,0,0,0,0,0,0,0,0
1,0.14166666666666666,0.000383013748458616,0.0,0.0,0.0,1.6507272658197638,1.5136107482334438,0.8559974385723453,1,1,0,0,0,0,0,0,0,0,0,0
2,0.14166666666666666,-0.0002320603706595925,0.0,0.0,0.0,1.94070922370723,1.6102621783403892,0.8325761227319128,0,0,0,0,0,0,0,0,0,0,0,0
0,0.15,0.0004200608620124058,0.0,0.0,0.0,1.4154630675274085,1.5003063189160921,0.887128917707585,1,1,0,0,0,0,0,0,0,0,0,0
1,0.15,0.0004220029583192897,0.0,0.0,0.0,1.8869157105583163,1.5100629576876639,0.913730398587878,1,1,0,0,0,0,0,0,0,0,0,0
2,0.15,-0.00026323595308230807,0.0,0.0,0.0,2.2177277434297835,1.6151469071006266,0.8626239550274148,0,0,0,0,0,0,0,0,0,0,0,0
0,0.15833333333333333,0.0004266936972783242,0.0,0.0,0.0,1.5927166028540063,1.4929801515219219,0.8626245694155943,1,1,0,0,0,0,0,0,0,0,0,0
1,0.15833333333333333,0.0004249026962366287,0.0,0.0,0.0,2.1231306759637745,1.505611762013596,0.9111631091247013,1,1,0,0,0,0,0,0,0,0,0,0
2,0.15833333333333333,-0.00028434026959711645,0.0,0.0,0.0,2.4947032990087594,1.6209478459476554,0.8525419525502639,0,0,0,0,0,0,0,0,0,0,0,0
0,0.16666666666666666,0.0004542065613328816,0.0,0.0,0.0,1.770011854194394,1.4843384005922677,0.7683693649740857,1,1,0,0,0,0,0,0,0,0,0,0
1,0.16666666666666666,0.0004302235108033514,0.0,0.0,0.0,2.3593748837270576,1.4997504603135683,0.7927910934132822,1,1,0,0,0,0,0,0,0,0,0,0
2,0.16666666666666666,-0.00030836869140005163,0.0,0.0,0.0,2.7716311229507316,1.626434496613714,0.7701149500867595,0,0,0,0,0,0,0,0,0,0,0,0
0,0.175,0.000531490398969936,0.0,0.0,0.0,1.947401012103873,1.4758472131743965,0.7586890925058694,1,1,0,0,0,0,0,0,0,0,0,0
1,0.175,0.00045922102492657046,0.0,0.0,0.0,2.5956736282408754,1.4946420779391087,0.7334276828365197,1,1,0,0,0,0,0,0,0,0,0,0
2,0.175,-0.0003476142928553472,0.0,0.0,0.0,3.0484929862637604,1.6308562956044854,0.7444114886831136,0,0,0,0,0,0,0,0,0,0,0,0
0,0.18333333333333332,0.0005979033897807184,0.0,0.0,0.0,2.1248752865835794,1.466312540646458,0.8137847913424936,1,1,0,0,0,0,0,0,0,0,0,0
1,0.18333333333333332,0.0005018662026934351,0.0,0.0,0.0,2.8320429351758794,1.4894566500383974,0.8073726718393305,1,1,0,0,0,0,0,0,0,0,0,0
2,0.18333333333333332,-0.00038375403739765446,0.0,0.0,0.0,3.325289223353767,1.6362887613689479,0.7826737970625228,0,0,0,0,0,0,0,0,0,0,0,0
0,0.19166666666666668,0.0006139740351835954,0.0,0.0,0.0,2.3023848421264757,1.453694300643777,0.7979411380263565,1,1,0,0,0,0,0,0,0,0,0,0
1,0.19166666666666668,0.0005234244581986403,0.0,0.0,0.0,3.0684629238701544,1.4808556277581597,0.8124146023880614,1,1,0,0,0,0,0,0,0,0,0,0
2,0.19166666666666668,-0.0004018195810147063,0.0,0.0,0.0,3.6020365270429835,1.6433170524708058,0.7751852516706619,0,0,0,0,0,0,0,0,0,0,0,0
0,0.2,0.0006382066754886395,0.0,0.0,0.0,2.4799386033576827,1.439689400465256,0.7252420591748266,1,1,0,0,0,0,0,0,0,0,0,0
1,0.2,0.0005520712623665602,0.0,0.0,0.0,3.304942284583883,1.469850117872852,0.7276955209060091,1,1,0,0,0,0,0,0,0,0,0,0
2,0.2,-0.0004140126511069653,0.0,0.0,0.0,3.878739840321362,1.6485365004910466,0.7328314522542967,0,0,0,0,0,0,0,0,0,0,0,0
0,0.20833333333333334,0.0007497235292266424,0.0,0.0,0.0,2.6576273502372687,1.4296369656660899,0.7506252106314035,1,1,0,0,0,0,0,0,0,0,0,0
1,0.20833333333333334,0.0006339386396128077,0.0,0.0,0.0,3.5415388040466,1.4608173766151933,0.7244648981802518,1,1,0,0,0,0,0,0,0,0,0,0
2,0.20833333333333334,-0.00044815511134066455,0.0,0.0,0.0,4.15537459978396,1.6504535168117644,0.7599700526861024,0,0,0,0,0,0,0,0,0,0,0,0
0,0.21666666666666667,0.0008673671400334371,0.0,0.0,0.0,2.8354608999214115,1.4178751746308313,0.8320219291020607,1,1,0,0,0,0,0,0,0,0,0,0
1,0.21666666666666667,0.0007316465508244718,0.0,0.0,0.0,3.7782737753196907,1.4524771171127913,0.8281926192507311,1,1,0,0,0,0,0,0,0,0,0,0
2,0.21666666666666667,-0.0004894600626630385,0.0,0.0,0.0,4.4319304811232465,1.6560034558618917,0.8094380519571519,0,0,0,0,0,0,0,0,0,0,0,0
0,0.225,0.0008975451710773186,0.0,0.0,0.0,3.0133527405507543,1.4000047335237322,0.814188661797186,1,1,0,0,0,0,0,0,0,0,0,0
1,0.225,0.0007544533280992027,0.0,0.0,0.0,4.015073582069923,1.4382171007347273,0.8154814474285574,1,1,0,0,0,0,0,0,0,0,0,0
2,0.225,-0.0005091883397918551,0.0,0.0,0.0,4.708427557394357,1.664555708247987,0.7958549966481294,0,0,0,0,0,0,0,0,0,0,0,0
0,0.23333333333333334,0.0009325940369233621,0.0,0.0,0.0,3.191308850224463,1.3795433565326205,0.7173404728792032,1,1,0,0,0,0,0,0,0,0,0,0
1,0.23333333333333334,0.0007904291540787867,0.0,0.0,0.0,4.251953413529011,1.4219699403702575,0.7115868989215175,1,1,0,0,0,0,0,0,0,0,0,0
2,0.23333333333333334,-0.0005212339736861971,0.0,0.0,0.0,4.984872598234923,1.6715059205187561,0.7181481900395634,0,0,0,0,0,0,0,0,0,0,0,0
0,0.24166666666666667,0.0010862844773065206,0.0,0.0,0.0,3.3694526981356785,1.3693167592011721,0.7463578270657988,1,1,0,0,0,0,0,0,0,0,0,0
1,0.24166666666666667,0.0009239245681902375,0.0,0.0,0.0,4.489018249535637,1.4127297080662542,0.7289199669707512,1,1,0,0,0,0,0,0,0,0,0,0
2,0.24166666666666667,-0.0005800228596406498,0.0,0.0,0.0,5.2612143635985085,1.6738355578312303,0.7424930967152675,0,0,0,0,0,0,0,0,0,0,0,0
0,0.25,0.0012737694952376089,0.0,0.0,0.0,3.547823971957634,1.3595162047416027,0.8642626755790594,1,1,0,0,0,0,0,0,0,0,0,0
1,0.25,0.0010705779607089738,0.0,0.0,0.0,4.72628945216643,1.403189461632124,0.8357913814416487,1,1,0,0,0,0,0,0,0,0,0,0
2,0.25,-0.0006468218665993675,0.0,0.0,0.0,5.537439736865599,1.6795974212877591,0.8048726100100249,0,0,0,0,0,0,0,0,0,0,0,0
0,0.25833333333333336,0.001319484231038004,0.0,0.0,0.0,3.7262823538661167,1.3376019059940263,0.8549242720929376,1,1,0,0,0,0,0,0,0,0,0,0
1,0.25833333333333336,0.0011099708288915267,0.0,0.0,0.0,4.963661989993662,1.3845561745172648,0.8267054265903622,1,1,0,0,0,0,0,0,0,0,0,0
2,0.25833333333333336,-0.0006680963968257458,0.0,0.0,0.0,5.813592629998821,1.689574226563203,0.788330200573897,0,0,0,0,0,0,0,0,0,0,0,0
0,0.26666666666666666,0.0013506168377457328,0.0,0.0,0.0,3.904814258433487,1.3125574277877319,0.7564787542583922,1,1,0,0,0,0,0,0,0,0,0,0
1,0.26666666666666666,0.0011571671583663345,0.0,0.0,0.0,5.201146334886073,1.3626784523069473,0.7422042454549119,1,1,0,0,0,0,0,0,0,0,0,0
2,0.26666666666666666,-0.0006645249895655958,0.0,0.0,0.0,6.089698181447915,1.69865880803058,0.7154031299097353,0,0,0,0,0,0,0,0,0,0,0,0
0,0.275,0.0014701745725851367,0.0,0.0,0.0,4.083511886258449,1.297489007368383,0.7396648115266072,1,1,0,0,0,0,0,0,0,0,0,0
1,0.275,0.0012970591772845097,0.0,0.0,0.0,5.438843035458607,1.3488948445423803,0.7516841544492558,1,1,0,0,0,0,0,0,0,0,0,0
2,0.275,-0.0007115656355023425,0.0,0.0,0.0,6.365702195863891,1.6985188316961874,0.7632584968144197,0,0,0,0,0,0,0,0,0,0,0,0
0,0.2833333333333333,0.0016312047079658498,0.0,0.0,0.0,4.26242179447371,1.282862552289518,0.821651638739314,1,1,0,0,0,0,0,0,0,0,0,0
1,0.2833333333333333,0.0014603582039480756,0.0,0.0,0.0,5.676784675054442,1.3363830198979065,0.8488152467326914,1,1,0,0,0,0,0,0,0,0,0,0
2,0.2833333333333333,-0.0008049742206877042,0.0,0.0,0.0,6.641551177328048,1.7005501514489278,0.8722646175106245,0,0,0,0,0,0,0,0,0,0,0,0
0,0.2916666666666667,0.0016765438432697621,0.0,0.0,0.0,4.441429747471064,1.2515630495570547,0.8096080389549828,1,1,0,0,0,0,0,0,0,0,0,0
1,0.2916666666666667,0.00150029719478173,0.0,0.0,0.0,5.914850185134165,1.3096326296025569,0.8304030716459575,1,1,0,0,0,0,0,0,0,0,0,0
2,0.2916666666666667,-0.0008352805817479769,0.0,0.0,0.0,6.917305936987611,1.7103979699362528,0.8601175709128868,0,0,0,0,0,0,0,0,0,0,0,0
0,0.3,0.001734330826451469,0.0,0.0,0.0,4.62055004274078,1.2193644610472272,0.7219081448302378,1,1,0,0,0,0,0,0,0,0,0,0
1,0.3,0.001553897788650005,0.0,0.0,0.0,6.153056288723446,1.2812254934456107,0.7229782213789918,1,1,0,0,0,0,0,0,0,0,0,0
2,0.3,-0.0008153095447256398,0.0,0.0,0.0,7.193018308894659,1.7206338160578285,0.7475963593898762,0,0,0,0,0,0,0,0,0,0,0,0
0,0.30833333333333335,0.0019347139701251237,0.0,0.0,0.0,4.79993161933877,1.2142987670044123,0.7427803245424547,1,1,0,0,0,0,0,0,0,0,0,0
1,0.30833333333333335,0.0017313381470360767,0.0,0.0,0.0,6.391536834738291,1.2743106372464088,0.7357392363304447,1,1,0,0,0,0,0,0,0,0,0,0
2,0.30833333333333335,-0.0008292684130659644,0.0,0.0,0.0,7.4686533243404485,1.7233126126996923,0.732578149171397,0,0,0,0,0,0,0,0,0,0,0,0
0,0.31666666666666665,0.0021554554549085836,0.0,0.0,0.0,4.979601833054688,1.2060827558142933,0.8517377371184639,1,1,0,0,0,0,0,0,0,0,0,0
1,0.31666666666666665,0.0019237705856856024,0.0,0.0,0.0,6.630317690026307,1.2657464683364532,0.8386624009670972,1,1,0,0,0,0,0,0,0,0,0,0
2,0.31666666666666665,-0.0009164460654202955,0.0,0.0,0.0,7.744131133612509,1.7258683610658956,0.8218770045751982,0,0,0,0,0,0,0,0,0,0,0,0
0,0.325,0.002220802205835426,0.0,0.0,0.0,5.159407401905769,1.1712982774575689,0.84847471923002,1,1,0,0,0,0,0,0,0,0,0,0
1,0.325,0.001976109643053725,0.0,0.0,0.0,6.869261798563273,1.2343312125080683,0.8318639683388828,1,1,0,0,0,0,0,0,0,0,0,0
2,0.325,-0.0009433625610668628,0.0,0.0,0.0,8.019509978138696,1.7373973896909223,0.8101347310148063,0,0,0,0,0,0,0,0,0,0,0,0
0,0.3333333333333333,0.002282687302657571,0.0,0.0,0.0,5.339346872671386,1.1333497562499257,0.7508247434758494,1,1,0,0,0,0,0,0,0,0,0,0
1,0.3333333333333333,0.002039302274635446,0.0,0.0,0.0,7.1083836697360505,1.199523186194465,0.7496927322164042,1,1,0,0,0,0,0,0,0,0,0,0
2,0.3333333333333333,-0.0009356947122887149,0.0,0.0,0.0,8.294825064982337,1.7482761113811516,0.7307988307035946,0,0,0,0,0,0,0,0,0,0,0,0
0,0.3416666666666667,0.002465217629896266,0.0,0.0,0.0,5.519546714888696,1.1198526613444604,0.73456946804075,1,1,0,0,0,0,0,0,0,0,0,0
1,0.3416666666666667,0.0022267900992058998,0.0,0.0,0.0,7.347818258585997,1.1854805049799564,0.7485556542422028,1,1,0,0,0,0,0,0,0,0,0,0
2,0.3416666666666667,-0.0009901313359046426,0.0,0.0,0.0,8.5700101744924,1.7472469794376515,0.7583863634380689,0,0,0,0,0,0,0,0,0,0,0,0
0,0.35,0.002680871458232481,0.0,0.0,0.0,5.700046938954238,1.1056298171426642,0.8209231340774439,1,1,0,0,0,0,0,0,0,0,0,0
1,0.35,0.002436873998242106,0.0,0.0,0.0,7.58760012754529,1.171522490196371,0.8399782519373459,1,1,0,0,0,0,0,0,0,0,0,0
2,0.35,-0.0011140713738297947,0.0,0.0,0.0,8.8449863967984,1.748431147598486,0.8673537869242188,0,0,0,0,0,0,0,0,0,0,0,0
0,0.35833333333333334,0.0027382499929515802,0.0,0.0,0.0,5.880691166437341,1.0587652551640692,0.8125704164112593,1,1,0,0,0,0,0,0,0,0,0,0
1,0.35833333333333334,0.0024906745573334277,0.0,0.0,0.0,7.827576186344393,1.1293009571134038,0.8271529298952065,1,1,0,0,0,0,0,0,0,0,0,0
2,0.35833333333333334,-0.001147898242514156,0.0,0.0,0.0,9.119841320438038,1.7600822180989981,0.8564778568354005,0,0,0,0,0,0,0,0,0,0,0,0
0,0.36666666666666664,0.0028109714854513967,0.0,0.0,0.0,6.061497128683987,1.0140889114585814,0.7302513709895941,1,1,0,0,0,0,0,0,0,0,0,0
1,0.36666666666666664,0.002564422424541135,0.0,0.0,0.0,8.06777071279638,1.0879231912913834,0.7366700767991887,1,1,0,0,0,0,0,0,0,0,0,0
2,0.36666666666666664,-0.0011296477896736157,0.0,0.0,0.0,9.39462846754286,1.771585052208703,0.7585122702128473,0,0,0,0,0,0,0,0,0,0,0,0
0,0.375,0.0030779218896368477,0.0,0.0,0.0,6.2426676101767695,1.0234193329568522,0.7585507664868996,1,1,0,0,0,0,0,0,0,0,0,0
1,0.375,0.0028072630769253593,0.0,0.0,0.0,8.308366706436622,1.0905522300907329,0.7594426321997477,1,1,0,0,0,0,0,0,0,0,0,0
2,0.375,-0.0011678796344498643,0.0,0.0,0.0,9.66928850067675,1.7721243149144752,0.7634291428009812,0,0,0,0,0,0,0,0,0,0,0,0
0,0.38333333333333336,0.003377358632829619,0.0,0.0,0.0,6.4242447124299895,1.0258634183742303,0.8742093298648658,1,1,0,0,0,0,0,0,0,0,0,0
1,0.38333333333333336,0.003064634249870579,0.0,0.0,0.0,8.549393482707481,1.0876051627589667,0.8669879194480584,1,1,0,0,0,0,0,0,0,0,0,0
2,0.38333333333333336,-0.0013005365529390467,0.0,0.0,0.0,9.94371696620361,1.7727139773466838,0.8697265369002923,0,0,0,0,0,0,0,0,0,0,0,0
0,0.39166666666666666,0.0034625484485193425,0.0,0.0,0.0,6.606017026125629,0.9809229595137628,0.8746685341322615,1,1,0,0,0,0,0,0,0,0,0,0
1,0.39166666666666666,0.0031339318252037174,0.0,0.0,0.0,8.790667150960068,1.0436861404719977,0.8608046348510299,1,1,0,0,0,0,0,0,0,0,0,0
2,0.39166666666666666,-0.00133910218099631,0.0,0.0,0.0,10.218005096450105,1.7839072340273412,0.8639859732581145,0,0,0,0,0,0,0,0,0,0,0,0
0,0.4,0.003534888822017024,0.0,0.0,0.0,6.787974140650714,0.9315041321704284,0.7947564914486064,1,1,0,0,0,0,0,0,0,0,0,0
1,0.4,0.003200341703249343,0.0,0.0,0.0,9.032188860604444,0.9958555684795198,0.7770197322743825,1,1,0,0,0,0,0,0,0,0,0,0
2,0.4,-0.001324344290314361,0.0,0.0,0.0,10.492207410372014,1.7945145041600759,0.7844206552054065,0,0,0,0,0,0,0,0,0,0,0,0
0,0.4083333333333333,0.0037405008678312868,0.0,0.0,0.0,6.970256023685075,0.9180658647712034,0.7900055888702707,1,1,0,0,0,0,0,0,0,0,0,0
1,0.4083333333333333,0.0033999035001883726,0.0,0.0,0.0,9.274103393211528,0.9840844977755161,0.7816261450798733,1,1,0,0,0,0,0,0,0,0,0,0
2,0.4083333333333333,-0.0013674410544508575,0.0,0.0,0.0,10.766262857422122,1.7947605740967365,0.7995256735196545,0,0,0,0,0,0,0,0,0,0,0,0
0,0.4166666666666667,0.003989229853378795,0.0,0.0,0.0,7.152913891122063,0.9058048106319618,0.873265847072976,1,1,0,0,0,0,0,0,0,0,0,0
1,0.4166666666666667,0.003640939178267466,0.0,0.0,0.0,9.516466271748623,0.9744085819406574,0.8732893148541246,1,1,0,0,0,0,0,0,0,0,0,0
2,0.4166666666666667,-0.0014966188635572308,0.0,0.0,0.0,11.040075643275848,1.7954612231330422,0.8971631784585836,0,0,0,0,0,0,0,0,0,0,0,0
0,0.425,0.00406047360202777,0.0,0.0,0.0,7.335772716808584,0.8481440218396217,0.8671431862545047,1,1,0,0,0,0,0,0,0,0,0,0
1,0.425,0.0037094217220614567,0.0,0.0,0.0,9.759109213323015,0.9205562144133485,0.8655701859663256,1,1,0,0,0,0,0,0,0,0,0,0
2,0.425,-0.0015326496692047442,0.0,0.0,0.0,11.313736279727577,1.8061842365094338,0.8917843286303477,0,0,0,0,0,0,0,0,0,0,0,0
0,0.43333333333333335,0.004150888670721997,0.0,0.0,0.0,7.518854755262759,0.7943005655834459,0.7851280508970166,1,1,0,0,0,0,0,0,0,0,0,0
1,0.43333333333333335,0.003803381014010121,0.0,0.0,0.0,10.002063443770476,0.8694924424831186,0.7804211014974084,1,1,0,0,0,0,0,0,0,0,0,0
2,0.43333333333333335,-0.0015086731011262344,0.0,0.0,0.0,11.587306686320531,1.8153512460837846,0.8072354123752153,0,0,0,0,0,0,0,0,0,0,0,0
0,0.44166666666666665,0.004456187171494541,0.0,0.0,0.0,7.70238487694371,0.8096080359293781,0.80967269886258,1,1,0,0,0,0,0,0,0,0,0,0
1,0.44166666666666665,0.004086404335732041,0.0,0.0,0.0,10.245534640413766,0.8777151987535678,0.7929913842153117,1,1,0,0,0,0,0,0,0,0,0,0
2,0.44166666666666665,-0.0015409081047468298,0.0,0.0,0.0,11.860728309106534,1.8143551403324922,0.8064946006628274,0,0,0,0,0,0,0,0,0,0,0,0
0,0.45,0.0048025913271700915,0.0,0.0,0.0,7.88641554231587,0.8181700727113865,0.9145859698079958,1,1,0,0,0,0,0,0,0,0,0,0
1,0.45,0.004371057349700003,0.0,0.0,0.0,10.489541236228751,0.8768246122811234,0.8896301009722463,1,1,0,0,0,0,0,0,0,0,0,0
2,0.45,-0.0016644446316629313,0.0,0.0,0.0,12.133900613604176,1.81471391799586,0.893069477894912,0,0,0,0,0,0,0,0,0,0,0,0
0,0.4583333333333333,0.004899609473061339,0.0,0.0,0.0,8.070700752863495,0.7638226014785404,0.9161662628767551,1,1,0,0,0,0,0,0,0,0,0,0
1,0.4583333333333333,0.004448136050292817,0.0,0.0,0.0,10.733880618374739,0.8206389082503448,0.8896185724579319,1,1,0,0,0,0,0,0,0,0,0,0
2,0.4583333333333333,-0.0016968099102578904,0.0,0.0,0.0,12.406912443624847,1.8242581851374355,0.8922121377161701,0,0,0,0,0,0,0,0,0,0,0,0
0,0.4666666666666667,0.004983239908931125,0.0,0.0,0.0,8.255230093964638,0.7075088372257645,0.8529628533641785,1,1,0,0,0,0,0,0,0,0,0,0
1,0.4666666666666667,0.004541491519030494,0.0,0.0,0.0,10.978574993925434,0.7676285003489235,0.8259156475654834,1,1,0,0,0,0,0,0,0,0,0,0
2,0.4666666666666667,-0.0016745840764866848,0.0,0.0,0.0,12.67982018537252,1.8315102543115287,0.833385320983662,0,0,0,0,0,0,0,0,0,0,0,0
0,0.475,0.005237158871620906,0.0,0.0,0.0,8.440182342185933,0.7088269172255455,0.8681914635212858,1,1,0,0,0,0,0,0,0,0,0,0
1,0.475,0.004829956619539111,0.0,0.0,0.0,11.223836718118806,0.7794075398449899,0.8487640434955914,1,1,0,0,0,0,0,0,0,0,0,0
2,0.475,-0.0017335309312671576,0.0,0.0,0.0,12.952538342097796,1.828104251846121,0.8671186666946074,0,0,0,0,0,0,0,0,0,0,0,0
0,0.48333333333333334,0.005550032062838106,0.0,0.0,0.0,8.625626894802112,0.7132658272432573,0.9638016539079636,1,1,0,0,0,0,0,0,0,0,0,0
1,0.48333333333333334,0.00513262833477679,0.0,0.0,0.0,11.46969818470468,0.7840033011847762,0.9482272883311832,1,1,0,0,0,0,0,0,0,0,0,0
2,0.48333333333333334,-0.0018970871952417312,0.0,0.0,0.0,13.224950121238757,1.8267690889203847,0.9730783778725832,0,0,0,0,0,0,0,0,0,0,0,0
0,0.49166666666666664,0.0056354349532306,0.0,0.0,0.0,8.811339409547356,0.6544342790369422,0.9649642335328649,1,1,0,0,0,0,0,0,0,0,0,0
1,0.49166666666666664,0.005218051846830107,0.0,0.0,0.0,11.715947843174535,0.7277967199843055,0.9478954818446614,1,1,0,0,0,0,0,0,0,0,0,0
2,0.49166666666666664,-0.0019393490379062683,0.0,0.0,0.0,13.497173789120941,1.8344913571903132,0.9736864655672754,0,0,0,0,0,0,0,0,0,0,0,0
0,0.5,0.005740646290929519,0.0,0.0,0.0,8.997343484539678,0.6006567633973283,0.8946723059061584,1,1,0,0,0,0,0,0,0,0,0,0
1,0.5,0.005323275421066143,0.0,0.0,0.0,11.962612384797819,0.6734649903533811,0.8774898675539443,1,1,0,0,0,0,0,0,0,0,0,0
2,0.5,-0.0019149187734441853,0.0,0.0,0.0,13.769278027235407,1.8408814234965707,0.9046143015540508,0,0,0,0,0,0,0,0,0,0,0,0
0,0.5083333333333333,0.00604561495975009,0.0,0.0,0.0,9.183849194204164,0.6109993036239527,0.9068677017620032,1,1,0,0,0,0,0,0,0,0,0,0
1,0.5083333333333333,0.005596152513342112,0.0,0.0,0.0,12.209876195631601,0.6733395548843074,0.8853936822536461,1,1,0,0,0,0,0,0,0,0,0,0
2,0.5083333333333333,-0.0019544950830820973,0.0,0.0,0.0,14.041196011404429,1.84100027351418,0.9118969109280958,0,0,0,0,0,0,0,0,0,0,0,0
0,0.5166666666666667,0.006366862685646346,0.0,0.0,0.0,9.370883732365842,0.6127670890866849,0.9886471946303154,1,1,0,0,0,0,0,0,0,0,0,0
1,0.5166666666666667,0.005880958024860661,0.0,0.0,0.0,12.457768767923334,0.6702075906721932,0.9700750399554953,1,1,0,0,0,0,0,0,0,0,0,0
2,0.5166666666666667,-0.0020996312386469818,0.0,0.0,0.0,14.312811464700852,1.8414529878196733,0.9974393286465855,0,0,0,0,0,0,0,0,0,0,0,0
0,0.525,0.006463781671025792,0.0,0.0,0.0,9.558226419248923,0.5558772595810608,0.9968787187753044,1,1,0,0,0,0,0,0,0,0,0,0
1,0.525,0.005964780467361486,0.0,0.0,0.0,12.70609502263053,0.6100443745703452,0.97169270611578,1,1,0,0,0,0,0,0,0,0,0,0
2,0.525,-0.002138232061289269,0.0,0.0,0.0,14.584228214643481,1.8473914952668125,1.0001232902616666,0,0,0,0,0,0,0,0,0,0,0,0
0,0.5333333333333333,0.00657319803288825,0.0,0.0,0.0,9.745893834982642,0.5070802784443473,0.9572054641053854,1,1,0,0,0,0,0,0,0,0,0,0
1,0.5333333333333333,0.006091762445846527,0.0,0.0,0.0,12.954906612939762,0.5597068161033376,0.912305596382947,1,1,0,0,0,0,0,0,0,0,0,0
2,0.5333333333333333,-0.0021017122049133974,0.0,0.0,0.0,14.855524298796379,1.851702067246654,0.9414902172719473,0,0,0,0,0,0,0,0,0,0,0,0
0,0.5416666666666666,0.006897047166527948,0.0,0.0,0.0,9.934111572177125,0.53117209302393,0.9941552450830285,1,1,0,0,0,0,0,0,0,0,0,0
1,0.5416666666666666,0.006435760617095276,0.0,0.0,0.0,13.204441944028279,0.583018702868912,0.9441633991275894,1,1,0,0,0,0,0,0,0,0,0,0
2,0.5416666666666666,-0.0021692417303689204,0.0,0.0,0.0,15.126590806615683,1.851041117511908,0.9778202690450531,0,0,0,0,0,0,0,0,0,0,0,0
0,0.55,0.007242953746065872,0.0,0.0,0.0,10.12291365708079,0.5435708665962226,1.0893249071583442,1,1,0,0,0,0,0,0,0,0,0,0
1,0.55,0.006775692746825435,0.0,0.0,0.0,13.454718293735773,0.5943344058364747,1.0372417869408317,1,1,0,0,0,0,0,0,0,0,0,0
2,0.55,-0.00235993942660917,0.0,0.0,0.0,15.39729054244861,1.8513854149153897,1.0760392023881897,0,0,0,0,0,0,0,0,0,0,0,0
0,0.5583333333333333,0.007350903532883812,0.0,0.0,0.0,10.312066328712163,0.4925658415046388,1.101446235570524,1,1,0,0,0,0,0,0,0,0,0,0
1,0.5583333333333333,0.006875144402146205,0.0,0.0,0.0,13.70550242366264,0.5394372260548222,1.0451888325782277,1,1,0,0,0,0,0,0,0,0,0,0
2,0.5583333333333333,-0.0024144772936831593,0.0,0.0,0.0,15.667755831770593,1.8559973796383444,1.0872760421552121,0,0,0,0,0,0,0,0,0,0,0,0
0,0.5666666666666667,0.0074760166835021735,0.0,0.0,0.0,10.50159154622096,0.4433468549172961,1.0378175944581625,1,1,0,0,0,0,0,0,0,0,0,0
1,0.5666666666666667,0.00698432783270686,0.0,0.0,0.0,13.956811954854265,0.48824183484547584,0.998592790774742,1,1,0,0,0,0,0,0,0,0,0,0
2,0.5666666666666667,-0.0023965872780915554,0.0,0.0,0.0,15.938060669781756,1.8595895687820985,1.0402839967824888,0,0,0,0,0,0,0,0,0,0,0,0
0,0.575,0.007750060779400769,0.0,0.0,0.0,10.691648022556592,0.4359544274828461,1.027789475092942,1,1,0,0,0,0,0,0,0,0,0,0
1,0.575,0.007283413665084559,0.0,0.0,0.0,14.208856128919845,0.5000184730700888,1.0201543652546752,1,1,0,0,0,0,0,0,0,0,0,0
2,0.575,-0.0024333421424840296,0.0,0.0,0.0,16.20814791484265,1.8607411014633344,1.0464472440821693,0,0,0,0,0,0,0,0,0,0,0,0
0,0.5833333333333334,0.008040884061109033,0.0,0.0,0.0,10.882262958343782,0.4329370232984561,1.0963836081687965,1,1,0,0,0,0,0,0,0,0,0,0
1,0.5833333333333334,0.007606458376264946,0.0,0.0,0.0,14.461679884072954,0.5086256836188833,1.1067135055958168,1,1,0,0,0,0,0,0,0,0,0,0
2,0.5833333333333334,-0.002582811477646274,0.0,0.0,0.0,16.47789400661374,1.8617210549612244,1.1229004721975229,0,0,0,0,0,0,0,0,0,0,0,0
0,0.5916666666666667,0.00815689277606424,0.0,0.0,0.0,11.073266204393887,0.3826322567973926,1.1156874571786568,1,1,0,0,0,0,0,0,0,0,0,0
1,0.5916666666666667,0.00770986192676304,0.0,0.0,0.0,14.715071526662838,0.4562107139396768,1.1166199383674722,1,1,0,0,0,0,0,0,0,0,0,0
2,0.5916666666666667,-0.002636134417632885,0.0,0.0,0.0,16.74739141197545,1.8643330954367854,1.1356357286170293,0,0,0,0,0,0,0,0,0,0,0,0
0,0.6,0.008273487065146412,0.0,0.0,0.0,11.2646630695564,0.3388283416032083,1.0976067462485166,1,1,0,0,0,0,0,0,0,0,0,0
1,0.6,0.007846154628097679,0.0,0.0,0.0,14.969073966900279,0.40950656068483704,1.0711172183616666,1,1,0,0,0,0,0,0,0,0,0,0
2,0.6,-0.0026071063347195,0.0,0.0,0.0,17.016724908708547,1.8659862595765906,1.0931541019215236,0,0,0,0,0,0,0,0,0,0,0,0
0,0.6083333333333333,0.008601868554383607,0.0,0.0,0.0,11.456677227838917,0.3587458087148097,1.136105055099548,1,1,0,0,0,0,0,0,0,0,0,0
1,0.6083333333333333,0.008168821727689846,0.0,0.0,0.0,15.223895044273725,0.42101354152617787,1.0949124836650352,1,1,0,0,0,0,0,0,0,0,0,0
2,0.6083333333333333,-0.0026682380480966827,0.0,0.0,0.0,17.285800096083573,1.86683058874696,1.1210021301971944,0,0,0,0,0,0,0,0,0,0,0,0
0,0.6166666666666667,0.008965062820173841,0.0,0.0,0.0,11.649356662424637,0.3728346905915953,1.222916047524797,1,1,0,0,0,0,0,0,0,0,0,0
1,0.6166666666666667,0.008485957833608282,0.0,0.0,0.0,15.479550603661139,0.4264283370223292,1.1757352170626674,1,1,0,0,0,0,0,0,0,0,0,0
2,0.6166666666666667,-0.0028623602616302257,0.0,0.0,0.0,17.554469955994737,1.8679246888556396,1.2111317869737706,0,0,0,0,0,0,0,0,0,0,0,0
0,0.625,0.00908046817182484,0.0,0.0,0.0,11.842458489093536,0.32507854843754497,1.23699825899672,1,1,0,0,0,0,0,0,0,0,0,0
1,0.625,0.008581240759803599,0.0,0.0,0.0,15.735826812416338,0.3742599296326333,1.1882047987791047,1,1,0,0,0,0,0,0,0,0,0,0
2,0.625,-0.0029205953004391993,0.0,0.0,0.0,17.822866416748525,1.869672633434029,1.2269926580805148,0,0,0,0,0,0,0,0,0,0,0,0
0,0.6333333333333333,0.00922027771012246,0.0,0.0,0.0,12.036012890174732,0.28588895939790754,1.1919295071398448,1,1,0,0,0,0,0,0,0,0,0,0
1,0.6333333333333333,0.008716189649721429,0.0,0.0,0.0,15.99277388970423,0.3308116423822635,1.143565387863871,1,1,0,0,0,0,0,0,0,0,0,0
2,0.6333333333333333,-0.0028921850191401255,0.0,0.0,0.0,18.091078552460363,1.8706929694824301,1.1840349570552686,0,0,0,0,0,0,0,0,0,0,0,0
0,0.6416666666666667,0.009579349710256757,0.0,0.0,0.0,12.230252436421546,0.30860156450454895,1.2100210615214326,1,1,0,0,0,0,0,0,0,0,0,0
1,0.6416666666666667,0.009072315054898361,0.0,0.0,0.0,16.25063737728775,0.3501140827877728,1.1633065260428685,1,1,0,0,0,0,0,0,0,0,0,0
2,0.6416666666666667,-0.002955588637260309,0.0,0.0,0.0,18.359010229942363,1.8727734744371558,1.202682256002711,0,0,0,0,0,0,0,0,0,0,0,0
0,0.65,0.009945783794437446,0.0,0.0,0.0,12.425198185911723,0.3222640705052992,1.2833384592492223,1,1,0,0,0,0,0,0,0,0,0,0
1,0.65,0.009432095050091682,0.0,0.0,0.0,16.509445836926623,0.36176164804671324,1.2414756316827698,1,1,0,0,0,0,0,0,0,0,0,0
2,0.65,-0.003154905305705835,0.0,0.0,0.0,18.62651128176768,1.8748650293709013,1.2817044364579255,0,0,0,0,0,0,0,0,0,0,0,0
0,0.6583333333333333,0.01005815665252463,0.0,0.0,0.0,12.620601190285965,0.27697915129747763,1.3039562679674441,1,1,0,0,0,0,0,0,0,0,0,0
1,0.6583333333333333,0.009538812106709926,0.0,0.0,0.0,16.768955633171927,0.3138536694274138,1.2602089885913883,1,1,0,0,0,0,0,0,0,0,0,0
2,0.6583333333333333,-0.003214829691013943,0.0,0.0,0.0,18.893717112727572,1.875745003091375,1.3011587580626316,0,0,0,0,0,0,0,0,0,0,0,0
0,0.6666666666666666,0.010160718988835526,0.0,0.0,0.0,12.816456463836346,0.23483521968324725,1.2912813668960217,1,1,0,0,0,0,0,0,0,0,0,0
1,0.6666666666666666,0.009670758510273103,0.0,0.0,0.0,17.029203122270065,0.2739954112073824,1.2442309526840294,1,1,0,0,0,0,0,0,0,0,0,0
2,0.6666666666666666,-0.003206922366091103,0.0,0.0,0.0,19.160696540528633,1.876063724352745,1.2871378238727933,0,0,0,0,0,0,0,0,0,0,0,0
0,0.675,0.010451000373730146,0.0,0.0,0.0,13.01296309579329,0.24117196976819194,1.316298961229519,1,1,0,0,0,0,0,0,0,0,0,0
1,0.675,0.010030351631924894,0.0,0.0,0.0,17.290441584100712,0.2957325817873985,1.2834487951190652,1,1,0,0,0,0,0,0,0,0,0,0
2,0.675,-0.003295661286494056,0.0,0.0,0.0,19.42734685798464,1.8780221508265762,1.3254576453537954,0,0,0,0,0,0,0,0,0,0,0,0
0,0.6833333333333333,0.010783589688625916,0.0,0.0,0.0,13.210176359792936,0.24595978110804984,1.3855208395331085,1,1,0,0,0,0,0,0,0,0,0,0
1,0.6833333333333333,0.010388412008978332,0.0,0.0,0.0,17.552695387670934,0.30832814883769577,1.3660143832429132,1,1,0,0,0,0,0,0,0,0,0,0
2,0.6833333333333333,-0.003501288874830699,0.0,0.0,0.0,19.693536646942746,1.8798822613998711,1.4075333286987919,0,0,0,0,0,0,0,0,0,0,0,0
0,0.6916666666666667,0.010887414909770854,0.0,0.0,0.0,13.407872621883074,0.20091765101121623,1.4038348701730778,1,1,0,0,0,0,0,0,0,0,0,0
1,0.6916666666666667,0.010500439233778636,0.0,0.0,0.0,17.815729092496266,0.2653609749485651,1.3835291815398718,1,1,0,0,0,0,0,0,0,0,0,0
2,0.6916666666666667,-0.0035684369998292276,0.0,0.0,0.0,19.959399993196218,1.8802638465950507,1.4273346888939291,0,0,0,0,0,0,0,0,0,0,0,0
0,0.7,0.011022601028141565,0.0,0.0,0.0,13.606089525509947,0.16786227434295622,1.3816303274683714,1,1,0,0,0,0,0,0,0,0,0,0
1,0.7,0.010649431068123327,0.0,0.0,0.0,18.079592767236974,0.2261931530458663,1.342407297357496,1,1,0,0,0,0,0,0,0,0,0,0
2,0.7,-0.0035463651636202798,0.0,0.0,0.0,20.225028214029532,1.8803925205555938,1.3941113685352762,0,0,0,0,0,0,0,0,0,0,0,0
0,0.7083333333333334,0.01142548506820873,0.0,0.0,0.0,13.805110539813926,0.198723644438821,1.415448160128908,1,1,0,0,0,0,0,0,0,0,0,0
1,0.7083333333333334,0.010980833956960812,0.0,0.0,0.0,18.34449387108225,0.23056230843528303,1.3492675355987107,1,1,0,0,0,0,0,0,0,0,0,0
2,0.7083333333333334,-0.0036142012553419534,0.0,0.0,0.0,20.49032698648169,1.8826524004508842,1.4142924693018541,0,0,0,0,0,0,0,0,0,0,0,0
0,0.7166666666666667,0.011820789923146613,0.0,0.0,0.0,14.004943781725693,0.2144755561155249,1.4952350369150142,1,1,0,0,0,0,0,0,0,0,0,0
1,0.7166666666666667,0.01131286641677276,0.0,0.0,0.0,18.61045851143887,0.23295772580509763,1.4102260014881072,1,1,0,0,0,0,0,0,0,0,0,0
2,0.7166666666666667,-0.00381229442009845,0.0,0.0,0.0,20.755152265129833,1.8844499481458934,1.4866637889110794,0,0,0,0,0,0,0,0,0,0,0,0
0,0.725,0.011941960917922323,0.0,0.0,0.0,14.205321277133041,0.17596291876387812,1.5176520414629928,1,1,0,0,0,0,0,0,0,0,0,0
1,0.725,0.011415356915644992,0.0,0.0,0.0,18.877268058107298,0.18939005584531368,1.43392644116974,1,1,0,0,0,0,0,0,0,0,0,0
2,0.725,-0.0039000580014443287,0.0,0.0,0.0,21.019608622612196,1.8845725409740237,1.5186634431240982,0,0,0,0,0,0,0,0,0,0,0,0
0,0.7333333333333333,0.012082750605329373,0.0,0.0,0.0,14.406269575001605,0.14228418699084577,1.4906119250093783,1,1,0,0,0,0,0,0,0,0,0,0
1,0.7333333333333333,0.011542235983163174,0.0,0.0,0.0,19.144959565791105,0.15639252305349796,1.437406621406018,1,1,0,0,0,0,0,0,0,0,0,0
2,0.7333333333333333,-0.003921134837432394,0.0,0.0,0.0,21.283761818909955,1.884243682154457,1.5241691899076573,0,0,0,0,0,0,0,0,0,0,0,0
0,0.7416666666666667,0.012406928961823382,0.0,0.0,0.0,14.607985648256314,0.14950028175282323,1.50699488966806,1,1,0,0,0,0,0,0,0,0,0,0
1,0.7416666666666667,0.011938861422750247,0.0,0.0,0.0,19.413833439753557,0.1805452799212063,1.4791025487277358,1,1,0,0,0,0,0,0,0,0,0,0
2,0.7416666666666667,-0.0039797045036631395,0.0,0.0,0.0,21.547570753458363,1.8844975968042572,1.5515166072645656,0,0,0,0,0,0,0,0,0,0,0,0
0,0.75,0.012753467094815285,0.0,0.0,0.0,14.810506423955093,0.15737471812460374,1.5741542819545216,1,1,0,0,0,0,0,0,0,0,0,0
1,0.75,0.012353643915881563,0.0,0.0,0.0,19.68394022624587,0.19637749834919735,1.5519870742225712,1,1,0,0,0,0,0,0,0,0,0,0
2,0.75,-0.004124862438153354,0.0,0.0,0.0,21.810939059446003,1.8849071744380335,1.611251551701674,0,0,0,0,0,0,0,0,0,0,0,0
0,0.7583333333333333,0.012865556425714963,0.0,0.0,0.0,15.013603732582123,0.11944339181297425,1.6002770999037035,1,1,0,0,0,0,0,0,0,0,0,0
1,0.7583333333333333,0.012472962961608491,0.0,0.0,0.0,19.954997666760686,0.1584955018056925,1.5748908452523454,1,1,0,0,0,0,0,0,0,0,0,0
2,0.7583333333333333,-0.004193875067250108,0.0,0.0,0.0,22.07393860642509,1.8846722860100718,1.6363447694750646,0,0,0,0,0,0,0,0,0,0,0,0
0,0.7666666666666667,0.012992283618368461,0.0,0.0,0.0,15.217299099630843,0.08852438111557555,1.5924762836631519,1,1,0,0,0,0,0,0,0,0,0,0
1,0.7666666666666667,0.012614701109966209,0.0,0.0,0.0,20.227043099623213,0.12868373336130937,1.5651599455926057,1,1,0,0,0,0,0,0,0,0,0,0
2,0.7666666666666667,-0.004197748351883579,0.0,0.0,0.0,22.336634928861432,1.8843343739629748,1.6260121216578107,0,0,0,0,0,0,0,0,0,0,0,0
0,0.775,0.013377072058588624,0.0,0.0,0.0,15.42186699225013,0.11168963850103646,1.6262094141514654,1,1,0,0,0,0,0,0,0,0,0,0
1,0.775,0.013001641707002687,0.0,0.0,0.0,20.500353501147217,0.14739349286313622,1.5975955969419324,1,1,0,0,0,0,0,0,0,0,0,0
2,0.775,-0.004261726486563422,0.0,0.0,0.0,22.59896404486626,1.8861620088989364,1.6489041876241501,0,0,0,0,0,0,0,0,0,0,0,0
0,0.7833333333333333,0.013777351084625522,0.0,0.0,0.0,15.627340110301624,0.12601468335369861,1.69841747745846,1,1,0,0,0,0,0,0,0,0,0,0
1,0.7833333333333333,0.013377230944515262,0.0,0.0,0.0,20.774949109257577,0.15822368063613712,1.668859963077165,1,1,0,0,0,0,0,0,0,0,0,0
2,0.7833333333333333,-0.004456932073944486,0.0,0.0,0.0,22.86078157401956,1.8882550651225418,1.7162288451712326,0,0,0,0,0,0,0,0,0,0,0,0
0,0.7916666666666666,0.013888808633446992,0.0,0.0,0.0,15.833436424127184,0.08988985434360014,1.722587500519992,1,1,0,0,0,0,0,0,0,0,0,0
1,0.7916666666666666,0.013497187476238626,0.0,0.0,0.0,21.05058891363911,0.12362162077591721,1.6922858080296508,1,1,0,0,0,0,0,0,0,0,0,0
2,0.7916666666666666,-0.004539531561009724,0.0,0.0,0.0,23.122195030001343,1.8880597134013155,1.7392742294061494,0,0,0,0,0,0,0,0,0,0,0,0
0,0.8,0.014023407196006588,0.0,0.0,0.0,16.04018681361576,0.06067162707142953,1.710270581390343,1,1,0,0,0,0,0,0,0,0,0,0
1,0.8,0.013656840504006063,0.0,0.0,0.0,21.327330223949595,0.09461829927256632,1.6785502960562693,1,1,0,0,0,0,0,0,0,0,0,0
2,0.8,-0.004533473490546225,0.0,0.0,0.0,23.38329427312601,1.888047750733161,1.731892637401917,0,0,0,0,0,0,0,0,0,0,0,0
0,0.8083333333333333,0.014391402307338375,0.0,0.0,0.0,16.247841234754503,0.07753356292049254,1.7387396216941902,1,1,0,0,0,0,0,0,0,0,0,0
1,0.8083333333333333,0.014025342059640344,0.0,0.0,0.0,21.60541437312053,0.1032453974959742,1.7048543698569492,1,1,0,0,0,0,0,0,0,0,0,0
2,0.8083333333333333,-0.00466112071068947,0.0,0.0,0.0,23.643937383616272,1.8912718330345937,1.7839592668863704,0,0,0,0,0,0,0,0,0,0,0,0
0,0.8166666666666667,0.014783743589602771,0.0,0.0,0.0,16.456441760973487,0.09085857407772359,1.8071644418367345,1,1,0,0,0,0,0,0,0,0,0,0
1,0.8166666666666667,0.014371080743169173,0.0,0.0,0.0,21.884850131179206,0.10869284976069318,1.7706671419488256,1,1,0,0,0,0,0,0,0,0,0,0
2,0.8166666666666667,-0.004916420743195538,0.0,0.0,0.0,23.903979596016008,1.8930832102186401,1.8688721058504048,0,0,0,0,0,0,0,0,0,0,0,0
0,0.825,0.014909871888177051,0.0,0.0,0.0,16.665730127237172,0.05930213784521518,1.8344952693637748,1,1,0,0,0,0,0,0,0,0,0,0
1,0.825,0.014482628301425216,0.0,0.0,0.0,22.165418897094575,0.07745650996399173,1.795515926487394,1,1,0,0,0,0,0,0,0,0,0,0
2,0.825,-0.005010586087776492,0.0,0.0,0.0,24.16357635088366,1.893468069818245,1.894609691479155,0,0,0,0,0,0,0,0,0,0,0,0
0,0.8333333333333334,0.015042059533352692,0.0,0.0,0.0,16.875720681865726,0.03158260342608912,1.8294141474518737,1,1,0,0,0,0,0,0,0,0,0,0
1,0.8333333333333334,0.014648542903278994,0.0,0.0,0.0,22.447194779665217,0.05666488395953249,1.7865713447690743,1,1,0,0,0,0,0,0,0,0,0,0
2,0.8333333333333334,-0.005004905294655693,0.0,0.0,0.0,24.422828821336818,1.8934586706571188,1.8750471990611877,0,0,0,0,0,0,0,0,0,0,0,0
0,0.8416666666666667,0.015402594378975287,0.0,0.0,0.0,17.086658908646033,0.04684504202246803,1.8595925777960869,1,1,0,0,0,0,0,0,0,0,0,0
1,0.8416666666666667,0.015072349416168418,0.0,0.0,0.0,22.730474334415806,0.07283093511848673,1.8194200640540823,1,1,0,0,0,0,0,0,0,0,0,0
2,0.8416666666666667,-0.005017009633698777,0.0,0.0,0.0,24.681719303701186,1.8938574760552507,1.8804590093369393,0,0,0,0,0,0,0,0,0,0,0,0
0,0.85,0.015785120619047355,0.0,0.0,0.0,17.29858506146423,0.05831392868233625,1.9258038316295116,1,1,0,0,0,0,0,0,0,0,0,0
1,0.85,0.01548150949300231,0.0,0.0,0.0,23.015281356749085,0.08515018655189074,1.889198286521487,1,1,0,0,0,0,0,0,0,0,0,0
2,0.85,-0.005148617102929798,0.0,0.0,0.0,24.940120078586347,1.8946303154094712,1.9319909646387188,0,0,0,0,0,0,0,0,0,0,0,0
0,0.8583333333333333,0.01590560655505424,0.0,0.0,0.0,17.5112455246255,0.028015021970562732,1.9521088328109217,1,1,0,0,0,0,0,0,0,0,0,0
1,0.8583333333333333,0.015610774360003798,0.0,0.0,0.0,23.30135477161456,0.05962406641465994,1.9198367048390699,1,1,0,0,0,0,0,0,0,0,0,0
2,0.8583333333333333,-0.005245303938987256,0.0,0.0,0.0,25.19806033978821,1.894750220504025,1.9629914333976697,0,0,0,0,0,0,0,0,0,0,0,0
0,0.8666666666666667,0.016053417508151924,0.0,0.0,0.0,17.72467723542085,0.005637851261099638,1.9473083382251417,1,1,0,0,0,0,0,0,0,0,0,0
1,0.8666666666666667,0.015770541067662958,0.0,0.0,0.0,23.58874651053972,0.04213208474971815,1.9187665126236768,1,1,0,0,0,0,0,0,0,0,0,0
2,0.8666666666666667,-0.005253842315116941,0.0,0.0,0.0,25.455628649105506,1.8947718771858382,1.9601252291446438,0,0,0,0,0,0,0,0,0,0,0,0
0,0.875,0.016426399797597746,0.0,0.0,0.0,17.9391239529018,0.01956235678280195,1.978300675672404,1,1,0,0,0,0,0,0,0,0,0,0
1,0.875,0.01613152257450645,0.0,0.0,0.0,23.87769462145495,0.04583247655929709,1.9459495308164338,1,1,0,0,0,0,0,0,0,0,0,0
2,0.875,-0.005309270370373209,0.0,0.0,0.0,25.712775300984504,1.8966782085782399,1.9858099406389051,0,0,0,0,0,0,0,0,0,0,0,0
0,0.8833333333333333,0.01682362424806616,0.0,0.0,0.0,18.154629788610528,0.03271345433797727,2.043916335359805,1,1,0,0,0,0,0,0,0,0,0,0
1,0.8833333333333333,0.016466706078843263,0.0,0.0,0.0,24.168209045258347,0.04743233699947321,2.00535836469228,1,1,0,0,0,0,0,0,0,0,0,0
2,0.8833333333333333,-0.005503435620393571,0.0,0.0,0.0,25.96934924062286,1.8986588760275656,2.0469538784460566,0,0,0,0,0,0,0,0,0,0,0,0
0,0.8916666666666667,0.01694864619983072,0.0,0.0,0.0,18.3709319481972,0.0077657321105324304,2.0722857046895853,1,1,0,0,0,0,0,0,0,0,0,0
1,0.8916666666666667,0.01657461984463371,0.0,0.0,0.0,24.460081852368344,0.03579760582363572,2.032524974492489,1,1,0,0,0,0,0,0,0,0,0,0
2,0.8916666666666667,-0.00559260585987964,0.0,0.0,0.0,26.225450446588624,1.8986712422142629,2.071191719185311,0,0,0,0,0,0,0,0,0,0,0,0
0,0.9,0.01707324920778852,0.0,0.0,0.0,18.58803955015818,0.021666903575058148,2.0696235592823897,1,1,0,0,0,0,0,0,0,0,0,0
1,0.9,0.016743760654438944,0.0,0.0,0.0,24.75339867125542,0.041706317273846875,2.0335781860075444,1,1,0,0,0,0,0,0,0,0,0,0
2,0.9,-0.005606958904066595,0.0,0.0,0.0,26.4811538770908,1.898839350797389,2.0681816721806627,0,0,0,0,0,0,0,0,0,0,0,0
0,0.9083333333333333,0.017436374306491587,0.0,0.0,0.0,18.80621041379374,0.008455763701697394,2.100210690987877,1,1,0,0,0,0,0,0,0,0,0,0
1,0.9083333333333333,0.01719269748109209,0.0,0.0,0.0,25.04848582537076,0.03480766282294002,2.0726729380066007,1,1,0,0,0,0,0,0,0,0,0,0
2,0.9083333333333333,-0.005711867791179159,0.0,0.0,0.0,26.73636295582519,1.9015283670585765,2.10165824048969,0,0,0,0,0,0,0,0,0,0,0,0
0,0.9166666666666666,0.017848317642955358,0.0,0.0,0.0,19.025514992805057,0.01274462673187957,2.1656630687880902,1,1,0,0,0,0,0,0,0,0,0,0
1,0.9166666666666666,0.017610445147138165,0.0,0.0,0.0,25.34535738779845,0.03728110809155557,2.141764726950584,1,1,0,0,0,0,0,0,0,0,0,0
2,0.9166666666666666,-0.005932441959034751,0.0,0.0,0.0,26.990948205481214,1.904005103414391,2.166561018749299,0,0,0,0,0,0,0,0,0,0,0,0
0,0.925,0.017964125936469344,0.0,0.0,0.0,19.245667095496348,0.019341044741905372,2.193153656579524,1,1,0,0,0,0,0,0,0,0,0,0
1,0.925,0.017744506800073,0.0,0.0,0.0,25.643753740225304,0.035871988837594466,2.1730015405985523,1,1,0,0,0,0,0,0,0,0,0,0
2,0.925,-0.006042493560391549,0.0,0.0,0.0,27.24501394727111,1.9045891050238541,2.195330894758581,0,0,0,0,0,0,0,0,0,0,0,0
0,0.9333333333333333,0.018095124792612438,0.0,0.0,0.0,19.466692641666477,0.04160812904972788,2.1907362315881866,1,1,0,0,0,0,0,0,0,0,0,0
1,0.9333333333333333,0.01791289366120319,0.0,0.0,0.0,25.943736525719526,0.049572782023006384,2.16902244424876,1,1,0,0,0,0,0,0,0,0,0,0
2,0.9333333333333333,-0.0060531541727870675,0.0,0.0,0.0,27.498660138257172,1.904984786136235,2.1865726985078675,0,0,0,0,0,0,0,0,0,0,0,0
0,0.9416666666666667,0.01847258743328961,0.0,0.0,0.0,19.688859227976344,0.026895214749423458,2.220686430413176,1,1,0,0,0,0,0,0,0,0,0,0
1,0.9416666666666667,0.018264926261315928,0.0,0.0,0.0,26.245532089625748,0.04671236031098483,2.195127983691143,1,1,0,0,0,0,0,0,0,0,0,0
2,0.9416666666666667,-0.006102752094421238,0.0,0.0,0.0,27.751845790128563,1.9071196987040433,2.204157841502934,0,0,0,0,0,0,0,0,0,0,0,0
0,0.95,0.018888643282340745,0.0,0.0,0.0,19.912228610450725,0.014814554937263063,2.284487942271539,1,1,0,0,0,0,0,0,0,0,0,0
1,0.95,0.01863034253713236,0.0,0.0,0.0,26.54919870920929,0.04152860209922545,2.2574215462743745,1,1,0,0,0,0,0,0,0,0,0,0
2,0.95,-0.006309969750186273,0.0,0.0,0.0,28.004400695008805,1.9103332449775636,2.2645463771269783,0,0,0,0,0,0,0,0,0,0,0,0
0,0.9583333333333334,0.019006718611550788,0.0,0.0,0.0,20.136513884977692,0.03736510583381612,2.3137480066515703,1,1,0,0,0,0,0,0,0,0,0,0
1,0.9583333333333334,0.018773009156834775,0.0,0.0,0.0,26.854541426665932,0.057884752919372714,2.292550282222543,1,1,0,0,0,0,0,0,0,0,0,0
2,0.9583333333333334,-0.00646623080260289,0.0,0.0,0.0,28.256366754188342,1.9117581791739906,2.3022138207308243,0,0,0,0,0,0,0,0,0,0,0,0
0,0.9666666666666667,0.01914489768718397,0.0,0.0,0.0,20.361747273966152,0.054029685451433676,2.3202034220925247,1,1,0,0,0,0,0,0,0,0,0,0
1,0.9666666666666667,0.018942751478597142,0.0,0.0,0.0,27.161617997476206,0.0755776496646506,2.2983644638239307,1,1,0,0,0,0,0,0,0,0,0,0
2,0.9666666666666667,-0.006508502034213048,0.0,0.0,0.0,28.507856587108943,1.9128119824227954,2.3055802615356793,0,0,0,0,0,0,0,0,0,0,0,0
0,0.975,0.01962106459298152,0.0,0.0,0.0,20.58829356836313,0.019559545077413955,2.3664466002690827,1,1,0,0,0,0,0,0,0,0,0,0
1,0.975,0.019354302038856908,0.0,0.0,0.0,27.47072194511355,0.06426322251164583,2.3303168976028976,1,1,0,0,0,0,0,0,0,0,0,0
2,0.975,-0.0066207487238045815,0.0,0.0,0.0,28.758794227001072,1.9167741338275712,2.3393369840813953,0,0,0,0,0,0,0,0,0,0,0,0
0,0.9833333333333333,0.020149091080092774,0.0,0.0,0.0,20.816234246201198,0.01838948698489389,2.4429574691703375,1,1,0,0,0,0,0,0,0,0,0,0
1,0.9833333333333333,0.01976495189986016,0.0,0.0,0.0,27.78190546405056,0.05479065516508631,2.3942065638438197,1,1,0,0,0,0,0,0,0,0,0,0
2,0.9833333333333333,-0.006900123853940343,0.0,0.0,0.0,29.0089955749402,1.9205210661116772,2.4097312927315127,0,0,0,0,0,0,0,0,0,0,0,0
0,0.9916666666666667,0.0202906227747901,0.0,0.0,0.0,21.045196260374436,0.012135791728336771,2.4712690511629845,1,1,0,0,0,0,0,0,0,0,0,0
1,0.9916666666666667,0.019886985518333233,0.0,0.0,0.0,28.094909759457064,0.07586349096342289,2.427015000650383,1,1,0,0,0,0,0,0,0,0,0,0
2,0.9916666666666667,-0.00702413696932469,0.0,0.0,0.0,29.258609443096372,1.921526268878531,2.437504984350624,0,0,0,0,0,0,0,0,0,0,0,0
0,1.0,0.020459151720555013,0.0,0.0,0.0,21.27522149130945,0.019261424554262923,2.4733144393167645,1,1,0,0,0,0,0,0,0,0,0,0
1,1.0,0.02004428920143786,0.0,0.0,0.0,28.40980369697938,0.09542983200575321,2.4329547392113327,1,1,0,0,0,0,0,0,0,0,0,0
2,1.0,-0.007048092360305791,0.0,0.0,0.0,29.50773598504057,1.9224296223058355,2.439475575073302,0,0,0,0,0,0,0,0,0,0,0,0
0,1.0083333333333333,0.020906862296855344,0.0,0.0,0.0,21.50661665979408,0.021168850114031683,2.512200580721407,1,1,0,0,0,0,0,0,0,0,0,0
1,1.0083333333333333,0.020432697894640306,0.0,0.0,0.0,28.726873153234017,0.08626800798846665,2.465591510663816,1,1,0,0,0,0,0,0,0,0,0,0
2,1.0083333333333333,-0.007145036808983818,0.0,0.0,0.0,29.756297543017244,1.9245246087933268,2.477670317982625,0,0,0,0,0,0,0,0,0,0,0,0
0,1.0166666666666666,0.021325069085960102,0.0,0.0,0.0,21.739379109316246,0.042710495188218026,2.576421382724036,1,1,0,0,0,0,0,0,0,0,0,0
1,1.0166666666666666,0.02084325669569198,0.0,0.0,0.0,29.046198646979395,0.07679286798748948,2.529199591248015,1,1,0,0,0,0,0,0,0,0,0,0
2,1.0166666666666666,-0.00737594955827392,0.0,0.0,0.0,30.00414681333123,1.9261662174979286,2.5456931308207698,0,0,0,0,0,0,0,0,0,0,0,0
0,1.025,0.0214515926921246,0.0,0.0,0.0,21.973231461894375,0.02527036277619235,2.6029345511312614,1,1,0,0,0,0,0,0,0,0,0,0
1,1.025,0.020967655442801547,0.0,0.0,0.0,29.367528347129475,0.09827908118097954,2.562740319838883,1,1,0,0,0,0,0,0,0,0,0,0
2,1.025,-0.0074941200467435465,0.0,0.0,0.0,30.25139067875755,1.927398708056498,2.5719314401177398,0,0,0,0,0,0,0,0,0,0,0,0
0,1.0333333333333334,0.02157727978867996,0.0,0.0,0.0,22.208187422598073,0.012569121274633105,2.6043542231181873,1,1,0,0,0,0,0,0,0,0,0,0
1,1.0333333333333334,0.021131800470697737,0.0,0.0,0.0,29.690940825444194,0.11708048450693842,2.569444420815423,1,1,0,0,0,0,0,0,0,0,0,0
2,1.0333333333333334,-0.007515886679601902,0.0,0.0,0.0,30.49812599282135,1.9284654452933472,2.56491132939044,0,0,0,0,0,0,0,0,0,0,0,0
0,1.0416666666666667,0.021929869668534607,0.0,0.0,0.0,22.44449914447389,0.03497073261429882,2.639469727717219,1,1,0,0,0,0,0,0,0,0,0,0
1,1.0416666666666667,0.02155999300694189,0.0,0.0,0.0,30.01676443378828,0.10458349150550673,2.6041839651503125,1,1,0,0,0,0,0,0,0,0,0,0
2,1.0416666666666667,-0.007547135077840217,0.0,0.0,0.0,30.74434311832822,1.9298821773386794,2.5769769214431832,0,0,0,0,0,0,0,0,0,0,0,0
0,1.05,0.022332345599470393,0.0,0.0,0.0,22.682244665084784,0.06372182801543211,2.706308245264124,1,1,0,0,0,0,0,0,0,0,0,0
1,1.05,0.02198739587693943,0.0,0.0,0.0,30.345064667029014,0.09463456308527515,2.6665893154998126,1,1,0,0,0,0,0,0,0,0,0,0
2,1.05,-0.007709038593215034,0.0,0.0,0.0,30.989902876024278,1.931668967887753,2.6251502613088964,0,0,0,0,0,0,0,0,0,0,0,0
0,1.0583333333333333,0.022456223429460742,0.0,0.0,0.0,22.9211611611729,0.04730556100084215,2.7301093518264468,1,1,0,0,0,0,0,0,0,0,0,0
1,1.0583333333333333,0.022105493937062626,0.0,0.0,0.0,30.675571242676284,0.11643210088898251,2.7000877853432126,1,1,0,0,0,0,0,0,0,0,0,0
2,1.0583333333333333,-0.007840691225834195,0.0,0.0,0.0,31.23482903606055,1.9330308336443527,2.656123080960415,0,0,0,0,0,0,0,0,0,0,0,0
0,1.0666666666666667,0.02256158507921402,0.0,0.0,0.0,23.161245331099675,0.025313131157645396,2.7187882320640817,1,1,0,0,0,0,0,0,0,0,0,0
1,1.0666666666666667,0.022261070999494592,0.0,0.0,0.0,31.008365309479174,0.13329759088240664,2.7105628111378297,1,1,0,0,0,0,0,0,0,0,0,0
2,1.0666666666666667,-0.007883753156388895,0.0,0.0,0.0,31.47920943440968,1.9343232391161491,2.657357215215655,0,0,0,0,0,0,0,0,0,0,0,0
0,1.075,0.02275123825512093,0.0,0.0,0.0,23.40260100748868,0.01950545027622612,2.72600034003341,1,1,0,0,0,0,0,0,0,0,0,0
1,1.075,0.022727075326716584,0.0,0.0,0.0,31.34383254642248,0.11606926963218722,2.7465518035744902,1,1,0,0,0,0,0,0,0,0,0,0
2,1.075,-0.007951506056595559,0.0,0.0,0.0,31.72301708122702,1.9369591253569793,2.676622562679409,0,0,0,0,0,0,0,0,0,0,0,0
0,1.0833333333333333,0.022997451307931627,0.0,0.0,0.0,23.64530744981072,0.030210073278763017,2.7741206917013876,1,1,0,0,0,0,0,0,0,0,0,0
1,1.0833333333333333,0.02320117405005373,0.0,0.0,0.0,31.682059691292267,0.10237429186462173,2.8103864435252484,1,1,0,0,0,0,0,0,0,0,0,0
2,1.0833333333333333,-0.008169994087465327,0.0,0.0,0.0,31.966089466901238,1.9400790297668713,2.7303936828842224,0,0,0,0,0,0,0,0,0,0,0,0
0,1.0916666666666666,0.02316029294563382,0.0,0.0,0.0,23.889300446414335,0.022307253077601556,2.806229740301538,1,1,0,0,0,0,0,0,0,0,0,0
1,1.0916666666666666,0.023336066245617904,0.0,0.0,0.0,32.02275478273443,0.12181120660100868,2.84668067690163,1,1,0,0,0,0,0,0,0,0,0,0
2,1.0916666666666666,-0.00832685036002756,0.0,0.0,0.0,32.20848048006589,1.9418481904823799,2.763710260689878,0,0,0,0,0,0,0,0,0,0,0,0
0,1.1,0.023276723510747388,0.0,0.0,0.0,24.134550876544512,0.0018770599160948186,2.8029096935543443,1,1,0,0,0,0,0,0,0,0,0,0
1,1.1,0.023468005978588558,0.0,0.0,0.0,32.36596317105366,0.1423838990350119,2.8585825896057186,1,1,0,0,0,0,0,0,0,0,0,0
2,1.1,-0.008398660906471456,0.0,0.0,0.0,32.4502728568374,1.9435463632323375,2.775957611296511,0,0,0,0,0,0,0,0,0,0,0,0
0,1.1083333333333334,0.023475288974277753,0.0,0.0,0.0,24.38116261316322,0.002727014013075931,2.8141784397460974,1,1,0,0,0,0,0,0,0,0,0,0
1,1.1083333333333334,0.023772262627254737,0.0,0.0,0.0,32.71192476174915,0.1450532922729047,2.8847338684041124,1,1,0,0,0,0,0,0,0,0,0,0
2,1.1083333333333334,-0.008536568886507112,0.0,0.0,0.0,32.69139411317955,1.9465225665133081,2.8156927379900445,0,0,0,0,0,0,0,0,0,0,0,0
0,1.1166666666666667,0.023752589868238694,0.0,0.0,0.0,24.629240590602034,0.014076559912314733,2.8663801071461736,1,1,0,0,0,0,0,0,0,0,0,0
1,1.1166666666666667,0.024134498719262876,0.0,0.0,0.0,33.06077352703418,0.13917232411050956,2.942946216765791,1,1,0,0,0,0,0,0,0,0,0,0
2,1.1166666666666667,-0.00879691778862668,0.0,0.0,0.0,32.93170791882503,1.9490281717634865,2.881674105100158,0,0,0,0,0,0,0,0,0,0,0,0
0,1.125,0.023936715355985072,0.0,0.0,0.0,24.878713736868573,0.00863067893413886,2.899798438096246,1,1,0,0,0,0,0,0,0,0,0,0
1,1.125,0.024319173717592513,0.0,0.0,0.0,33.41239157539453,0.15300868950549812,2.9824251630268868,1,1,0,0,0,0,0,0,0,0,0,0
2,1.125,-0.008945880995194777,0.0,0.0,0.0,33.17131884871077,1.9509975013895295,2.9108836068655126,0,0,0,0,0,0,0,0,0,0,0,0
0,1.1333333333333333,0.024059787716129044,0.0,0.0,0.0,25.129540474294338,0.011428015129296107,2.8968864460113646,1,1,0,0,0,0,0,0,0,0,0,0
1,1.1333333333333333,0.024484549789502985,0.0,0.0,0.0,33.766819085368525,0.17091320386309625,2.9920536691158235,1,1,0,0,0,0,0,0,0,0,0,0
2,1.1333333333333333,-0.009007509805745606,0.0,0.0,0.0,33.410312904558644,1.9528423212153718,2.908850527037343,0,0,0,0,0,0,0,0,0,0,0,0
0,1.1416666666666666,0.024272601624065082,0.0,0.0,0.0,25.38183510994189,0.01208018280102775,2.911614872595723,1,1,0,0,0,0,0,0,0,0,0,0
1,1.1416666666666666,0.02482787700426803,0.0,0.0,0.0,34.124315067563835,0.16987489598111286,3.019736719259767,1,1,0,0,0,0,0,0,0,0,0,0
2,1.1416666666666666,-0.009072385448654074,0.0,0.0,0.0,33.648685342374996,1.9547964863006424,2.9235302229498736,0,0,0,0,0,0,0,0,0,0,0,0
0,1.15,0.024596200049784578,0.0,0.0,0.0,25.635739412907125,0.012206759393873483,2.9674134138974195,1,1,0,0,0,0,0,0,0,0,0,0
1,1.15,0.025209299257588302,0.0,0.0,0.0,34.48500593105774,0.16519137678938584,3.0751488671034526,1,1,0,0,0,0,0,0,0,0,0,0
2,1.15,-0.009259385931936315,0.0,0.0,0.0,33.88630513331893,1.9566914895286815,2.9753612447530595,0,0,0,0,0,0,0,0,0,0,0,0
0,1.1583333333333334,0.02479810450433373,0.0,0.0,0.0,25.891157016499378,0.00959529445119565,3.0020225132152967,1,1,0,0,0,0,0,0,0,0,0,0
1,1.1583333333333334,0.025336482055877685,0.0,0.0,0.0,34.84869999058048,0.18358811797901184,3.111977448097067,1,1,0,0,0,0,0,0,0,0,0,0
2,1.1583333333333334,-0.009439254629263871,0.0,0.0,0.0,34.12317107691356,1.9584429894864026,3.0167843626746,0,0,0,0,0,0,0,0,0,0,0,0
0,1.1666666666666667,0.024921653421752232,0.0,0.0,0.0,26.148031298003808,0.00955580694968078,2.9998665480339155,1,1,0,0,0,0,0,0,0,0,0,0
1,1.1666666666666667,0.025486689654341976,0.0,0.0,0.0,35.215487504461926,0.19679183392294572,3.133151546862281,1,1,0,0,0,0,0,0,0,0,0,0
2,1.1666666666666667,-0.009530191492896023,0.0,0.0,0.0,34.35936927661822,1.96025525755363,3.027159399172105,0,0,0,0,0,0,0,0,0,0,0,0
0,1.175,0.025112239452741214,0.0,0.0,0.0,26.40645517079222,0.012810236013662261,3.0127796495619923,1,1,0,0,0,0,0,0,0,0,0,0
1,1.175,0.026000642100637794,0.0,0.0,0.0,35.58584480575715,0.17366805825170017,3.1803194159413897,1,1,0,0,0,0,0,0,0,0,0,0
2,1.175,-0.009603894487834275,0.0,0.0,0.0,34.59491523205197,1.9619536844942034,3.0451380086116693,0,0,0,0,0,0,0,0,0,0,0,0
0,1.1833333333333333,0.025424238987480585,0.0,0.0,0.0,26.666583252498537,0.012589198234299685,3.0678347264419137,1,1,0,0,0,0,0,0,0,0,0,0
1,1.1833333333333333,0.026595438042447572,0.0,0.0,0.0,35.95997977995626,0.15266131969108582,3.2503752052351778,1,1,0,0,0,0,0,0,0,0,0,0
2,1.1833333333333333,-0.009772599676662885,0.0,0.0,0.0,34.829706567919594,1.9637042521547843,3.090055607378125,0,0,0,0,0,0,0,0,0,0,0,0
0,1.1916666666666667,0.025651737762364846,0.0,0.0,0.0,26.92836044075852,0.015486508712140015,3.1045540315759257,1,1,0,0,0,0,0,0,0,0,0,0
1,1.1916666666666667,0.02676693429652266,0.0,0.0,0.0,36.33754961825386,0.16777115055233652,3.2865943528064596,1,1,0,0,0,0,0,0,0,0,0,0
2,1.1916666666666667,-0.0099212229406751,0.0,0.0,0.0,35.06375731344619,1.9657627135253257,3.1188384553633495,0,0,0,0,0,0,0,0,0,0,0,0
0,1.2,0.025774965106346137,0.0,0.0,0.0,27.191706745289395,0.003437532853394946,3.10164539066486,1,1,0,0,0,0,0,0,0,0,0,0
1,1.2,0.02691298866350511,0.0,0.0,0.0,36.718609062347596,0.18427798241157756,3.295170193506993,1,1,0,0,0,0,0,0,0,0,0,0
2,1.2,-0.010000180505528533,0.0,0.0,0.0,35.29713531614559,1.9678886432567977,3.1214641068831632,0,0,0,0,0,0,0,0,0,0,0,0
0,1.2083333333333333,0.025971749394229526,0.0,0.0,0.0,27.456724783966152,0.0033178858932541517,3.116994702575349,1,1,0,0,0,0,0,0,0,0,0,0
1,1.2083333333333333,0.02724817995470552,0.0,0.0,0.0,37.10345445589817,0.1819372341132841,3.3225257042704626,1,1,0,0,0,0,0,0,0,0,0,0
2,1.2083333333333333,-0.01010805995947539,0.0,0.0,0.0,35.529808178591445,1.9704488777549578,3.1437039870419494,0,0,0,0,0,0,0,0,0,0,0,0
0,1.2166666666666666,0.02634461711094538,0.0,0.0,0.0,27.72363064474932,0.04390749979667312,3.1820116461007575,1,1,0,0,0,0,0,0,0,0,0,0
1,1.2166666666666666,0.027663773261778157,0.0,0.0,0.0,37.49228831356698,0.172884320150601,3.379185293255051,1,1,0,0,0,0,0,0,0,0,0,0
2,1.2166666666666666,-0.01033335496217358,0.0,0.0,0.0,35.76164819565829,1.9730840137238688,3.195366882995463,0,0,0,0,0,0,0,0,0,0,0,0
0,1.225,0.026603891978224325,0.0,0.0,0.0,27.992345256403258,0.05656584514836578,3.225158237284038,1,1,0,0,0,0,0,0,0,0,0,0
1,1.225,0.027841212919136993,0.0,0.0,0.0,37.8849682146614,0.1850600608582067,3.4172676209229786,1,1,0,0,0,0,0,0,0,0,0,0
2,1.225,-0.010501848449664841,0.0,0.0,0.0,35.992705369892676,1.9755080269900616,3.225689161497084,0,0,0,0,0,0,0,0,0,0,0,0
0,1.2333333333333334,0.026732192343272843,0.0,0.0,0.0,28.262765353172497,0.04003111982747396,3.2188763133960228,1,1,0,0,0,0,0,0,0,0,0,0
1,1.2333333333333334,0.02802009635377667,0.0,0.0,0.0,38.281595199289356,0.19189498711908543,3.440423195025022,1,1,0,0,0,0,0,0,0,0,0,0
2,1.2333333333333334,-0.010609330018313656,0.0,0.0,0.0,36.223037582538545,1.9778704073748525,3.238152368217706,0,0,0,0,0,0,0,0,0,0,0,0
0,1.2416666666666667,0.026870001288077816,0.0,0.0,0.0,28.53492941849166,0.02948000168965358,3.220831077376437,1,1,0,0,0,0,0,0,0,0,0,0
1,1.2416666666666667,0.028624043887342854,0.0,0.0,0.0,38.6827567823836,0.1572502136053597,3.493543478746794,1,1,0,0,0,0,0,0,0,0,0,0
2,1.2416666666666667,-0.010760091266010186,0.0,0.0,0.0,36.45259599548036,1.9803718551981866,3.2717535988238797,0,0,0,0,0,0,0,0,0,0,0,0
0,1.25,0.027107006323453753,0.0,0.0,0.0,28.80897241258986,0.059944806368883594,3.273650898410385,1,1,0,0,0,0,0,0,0,0,0,0
1,1.25,0.029291605677312482,0.0,0.0,0.0,39.08869598977657,0.12921939193950985,3.5647806370195014,1,1,0,0,0,0,0,0,0,0,0,0
2,1.25,-0.010993488668747275,0.0,0.0,0.0,36.681287777215054,1.982936810209829,3.325199459780631,0,0,0,0,0,0,0,0,0,0,0,0
0,1.2583333333333333,0.02739347424428029,0.0,0.0,0.0,29.08498363309914,0.08761690872498844,3.327071981023601,1,1,0,0,0,0,0,0,0,0,0,0
1,1.2583333333333333,0.029491259804799164,0.0,0.0,0.0,39.499065576250054,0.13856206431587664,3.6012028428761225,1,1,0,0,0,0,0,0,0,0,0,0
2,1.2583333333333333,-0.011158972461674743,0.0,0.0,0.0,36.90917471309017,1.9857131962909387,3.351801485499387,0,0,0,0,0,0,0,0,0,0,0,0
0,1.2666666666666666,0.027527712833933293,0.0,0.0,0.0,29.362842326872364,0.07445396336776557,3.3194985071782233,1,1,0,0,0,0,0,0,0,0,0,0
1,1.2666666666666666,0.029671674099721823,0.0,0.0,0.0,39.91396919789521,0.15024208805594585,3.610812236449611,1,1,0,0,0,0,0,0,0,0,0,0
2,1.2666666666666666,-0.011255549451123947,0.0,0.0,0.0,37.13632362259728,1.988436051549476,3.352375212599982,0,0,0,0,0,0,0,0,0,0,0,0
0,1.275,0.027644280519352193,0.0,0.0,0.0,29.64256200550721,0.05850027972594847,3.313448646507247,1,1,0,0,0,0,0,0,0,0,0,0
1,1.275,0.02987958570481153,0.0,0.0,0.0,40.33356660580516,0.1602303286929017,3.6254630006503907,1,1,0,0,0,0,0,0,0,0,0,0
2,1.275,-0.011363762796799293,0.0,0.0,0.0,37.36272018520868,1.991472408573782,3.3660950366311,0,0,0,0,0,0,0,0,0,0,0,0
0,1.2833333333333334,0.02774707688753919,0.0,0.0,0.0,29.92416000408863,0.05880447906275896,3.3440098572337913,1,1,0,0,0,0,0,0,0,0,0,0
1,1.2833333333333334,0.030090498013996658,0.0,0.0,0.0,40.757999299406556,0.16268610923813973,3.667525541840154,1,1,0,0,0,0,0,0,0,0,0,0
2,1.2833333333333334,-0.011579411492853353,0.0,0.0,0.0,37.58824831251554,1.994819460349938,3.4098017819883126,0,0,0,0,0,0,0,0,0,0,0,0
0,1.2916666666666667,0.027919097771079482,0.0,0.0,0.0,30.207741980182664,0.07108606102520353,3.382738253811805,1,1,0,0,0,0,0,0,0,0,0,0
1,1.2916666666666667,0.030360124843269443,0.0,0.0,0.0,41.18748000247055,0.16051422553570463,3.7112541207902994,1,1,0,0,0,0,0,0,0,0,0,0
2,1.2916666666666667,-0.011778078737350484,0.0,0.0,0.0,37.81291745322336,1.997894503906697,3.4433229870952218,0,0,0,0,0,0,0,0,0,0,0,0
0,1.3,0.02807437574175564,0.0,0.0,0.0,30.49332754026899,0.06337658276388215,3.3819550141554338,1,1,0,0,0,0,0,0,0,0,0,0
1,1.3,0.03064475493959895,0.0,0.0,0.0,41.622187406624036,0.16051099234513044,3.7372128926502843,1,1,0,0,0,0,0,0,0,0,0,0
2,1.3,-0.01191330400301549,0.0,0.0,0.0,38.03678719903049,2.0008076157310244,3.45638061541344,0,0,0,0,0,0,0,0,0,0,0,0
0,1.3083333333333333,0.028203059701525923,0.0,0.0,0.0,30.780925667792175,0.04813161273800665,3.3782090599209096,1,1,0,0,0,0,0,0,0,0,0,0
1,1.3083333333333333,0.03092077027334028,0.0,0.0,0.0,42.06228302737675,0.1605715567554352,3.7633455103128854,1,1,0,0,0,0,0,0,0,0,0,0
2,1.3083333333333333,-0.012080936350457705,0.0,0.0,0.0,38.25981959685598,2.004372090073959,3.483422276360646,0,0,0,0,0,0,0,0,0,0,0,0
0,1.3166666666666667,0.028299216362621227,0.0,0.0,0.0,31.070538168430726,0.0472870101237179,3.407242876160435,1,1,0,0,0,0,0,0,0,0,0,0
1,1.3166666666666667,0.03121269545213723,0.0,0.0,0.0,42.5079639333331,0.15401312870069708,3.808962075562451,1,1,0,0,0,0,0,0,0,0,0,0
2,1.3166666666666667,-0.012349223497833073,0.0,0.0,0.0,38.48190303999676,2.008188096277766,3.5352067589962317,0,0,0,0,0,0,0,0,0,0,0,0
0,1.325,0.02846910694858673,0.0,0.0,0.0,31.362279132683632,0.05953326629131989,3.4455238208258367,1,1,0,0,0,0,0,0,0,0,0,0
1,1.325,0.031518961941587875,0.0,0.0,0.0,42.95943722440884,0.14909988048409234,3.849972884358408,1,1,0,0,0,0,0,0,0,0,0,0
2,1.325,-0.012549233937485305,0.0,0.0,0.0,38.70309880650587,2.0113448512106373,3.565069885534476,0,0,0,0,0,0,0,0,0,0,0,0
0,1.3333333333333333,0.028636955642808104,0.0,0.0,0.0,31.656187910674614,0.05362109100876642,3.4491282977735698,1,1,0,0,0,0,0,0,0,0,0,0
1,1.3333333333333333,0.03170922174692947,0.0,0.0,0.0,43.416768539957424,0.15908748526810182,3.8602906942129867,1,1,0,0,0,0,0,0,0,0,0,0
2,1.3333333333333333,-0.012682488068553432,0.0,0.0,0.0,38.923470437364315,2.014394249586632,3.5740559312456472,0,0,0,0,0,0,0,0,0,0,0,0
0,1.3416666666666666,0.028778665451028917,0.0,0.0,0.0,31.952279107522052,0.04019015794203471,3.4494258556075312,1,1,0,0,0,0,0,0,0,0,0,0
1,1.3416666666666666,0.03185275181834202,0.0,0.0,0.0,43.88009294818567,0.1680933544519781,3.8769327173030335,1,1,0,0,0,0,0,0,0,0,0,0
2,1.3416666666666666,-0.012877123568882709,0.0,0.0,0.0,39.14295011446828,2.0178593303381547,3.608572090925102,0,0,0,0,0,0,0,0,0,0,0,0
0,1.35,0.028893566463324305,0.0,0.0,0.0,32.25056589419582,0.04427066782286061,3.4816908696276454,1,1,0,0,0,0,0,0,0,0,0,0
1,1.35,0.03218308430296224,0.0,0.0,0.0,44.34982351200634,0.1532446991941277,3.9259002378146386,1,1,0,0,0,0,0,0,0,0,0,0
2,1.35,-0.013167130549970985,0.0,0.0,0.0,39.361431063701076,2.0211302534814997,3.6662121225319875,0,0,0,0,0,0,0,0,0,0,0,0
0,1.3583333333333334,0.02908837567821676,0.0,0.0,0.0,32.5511751853217,0.06094121663568508,3.521424379337118,1,1,0,0,0,0,0,0,0,0,0,0
1,1.3583333333333334,0.032612318351719516,0.0,0.0,0.0,44.826317248110804,0.1392102844818645,3.9745589775906427,1,1,0,0,0,0,0,0,0,0,0,0
2,1.3583333333333334,-0.01336104515152492,0.0,0.0,0.0,39.57900334572405,2.0244791633056933,3.6936395140011213,0,0,0,0,0,0,0,0,0,0,0,0
0,1.3666666666666667,0.029255694937626586,0.0,0.0,0.0,32.854125901157005,0.0542682932423835,3.5218637758719638,1,1,0,0,0,0,0,0,0,0,0,0
1,1.3666666666666667,0.03277964708697567,0.0,0.0,0.0,45.30953227210487,0.15035101774649245,3.9835205536948304,1,1,0,0,0,0,0,0,0,0,0,0
2,1.3666666666666667,-0.013506898145005941,0.0,0.0,0.0,39.79571168900048,2.0277883169612556,3.7034511830926298,0,0,0,0,0,0,0,0,0,0,0,0
0,1.375,0.02939112825416057,0.0,0.0,0.0,33.15943156351101,0.04302839705492091,3.5233485820155446,1,1,0,0,0,0,0,0,0,0,0,0
1,1.375,0.03292943196247755,0.0,0.0,0.0,45.79967879048786,0.15901398515985757,3.9976458243424053,1,1,0,0,0,0,0,0,0,0,0,0
2,1.375,-0.013700884206361508,0.0,0.0,0.0,40.011502195403054,2.0309910521866037,3.73514525230509,0,0,0,0,0,0,0,0,0,0,0,0
0,1.3833333333333333,0.029543174371454484,0.0,0.0,0.0,33.46715684314508,0.06178431251052529,3.562989935524958,1,1,0,0,0,0,0,0,0,0,0,0
1,1.3833333333333333,0.03315426254270859,0.0,0.0,0.0,46.29708763318356,0.15782629635590126,4.03702056240767,1,1,0,0,0,0,0,0,0,0,0,0
2,1.3833333333333333,-0.013961828889535788,0.0,0.0,0.0,40.22629878779779,2.0338760586585822,3.785984197437172,0,0,0,0,0,0,0,0,0,0,0,0
0,1.3916666666666666,0.029773811537126438,0.0,0.0,0.0,33.777436057606565,0.08776913404747885,3.608264525588237,1,1,0,0,0,0,0,0,0,0,0,0
1,1.3916666666666666,0.0334059680802703,0.0,0.0,0.0,46.80206167104527,0.15708392336675248,4.074805816937255,1,1,0,0,0,0,0,0,0,0,0,0
2,1.3916666666666666,-0.014158714870806222,0.0,0.0,0.0,40.4401599548556,2.037301101226722,3.8132125418188902,0,0,0,0,0,0,0,0,0,0,0,0
0,1.4,0.029899117538829678,0.0,0.0,0.0,34.09021303622271,0.07457118365928651,3.603430790512809,1,1,0,0,0,0,0,0,0,0,0,0
1,1.4,0.03360762163274433,0.0,0.0,0.0,47.314831256025265,0.1617650089216001,4.094304527624918,1,1,0,0,0,0,0,0,0,0,0,0
2,1.4,-0.014316310174754321,0.0,0.0,0.0,40.65312159969046,2.040672783559323,3.825630110722209,0,0,0,0,0,0,0,0,0,0,0,0
0,1.4083333333333334,0.03003215458675479,0.0,0.0,0.0,34.40554681231276,0.07019765480936614,3.6091590836695238,1,1,0,0,0,0,0,0,0,0,0,0
1,1.4083333333333334,0.03386780996337535,0.0,0.0,0.0,47.83576521988842,0.1577443319040966,4.12149306578765,1,1,0,0,0,0,0,0,0,0,0,0
2,1.4083333333333334,-0.01449874040178667,0.0,0.0,0.0,40.86515433778738,2.0438025608896817,3.8514414393337013,0,0,0,0,0,0,0,0,0,0,0,0
0,1.4166666666666667,0.030229664846254334,0.0,0.0,0.0,34.72356010943386,0.11554454358502636,3.6662785366456747,1,1,0,0,0,0,0,0,0,0,0,0
1,1.4166666666666667,0.03427609129815812,0.0,0.0,0.0,48.36537695695976,0.1395577724665556,4.170330859208831,1,1,0,0,0,0,0,0,0,0,0,0
2,1.4166666666666667,-0.014733272390114571,0.0,0.0,0.0,41.07619899875952,2.047252925450734,3.8922857523913423,0,0,0,0,0,0,0,0,0,0,0,0
0,1.425,0.030432108862057383,0.0,0.0,0.0,35.044318488217556,0.14962203870702023,3.7184117745766345,1,1,0,0,0,0,0,0,0,0,0,0
1,1.425,0.03459270531257874,0.0,0.0,0.0,48.90394085443586,0.13339231930915463,4.207558764273038,1,1,0,0,0,0,0,0,0,0,0,0
2,1.425,-0.014933309554886698,0.0,0.0,0.0,41.28628494499569,2.0511541923923424,3.9167038116136306,0,0,0,0,0,0,0,0,0,0,0,0
0,1.4333333333333333,0.030550006729231693,0.0,0.0,0.0,35.3677928484879,0.14021761195148766,3.707995274106841,1,1,0,0,0,0,0,0,0,0,0,0
1,1.4333333333333333,0.034755284309604395,0.0,0.0,0.0,49.4516520940781,0.14133610656235085,4.217788721064461,1,1,0,0,0,0,0,0,0,0,0,0
2,1.4333333333333333,-0.015112331280173308,0.0,0.0,0.0,41.49542927004939,2.0551718601780737,3.9278306185471448,0,0,0,0,0,0,0,0,0,0,0,0
0,1.4416666666666667,0.030661501281060932,0.0,0.0,0.0,35.69403344710324,0.12648421756579842,3.6991438037988233,1,1,0,0,0,0,0,0,0,0,0,0
1,1.4416666666666667,0.034845503312613824,0.0,0.0,0.0,50.00878909990615,0.15155861430516365,4.229624776554277,1,1,0,0,0,0,0,0,0,0,0,0
2,1.4416666666666667,-0.015354394611158284,0.0,0.0,0.0,41.7035619929495,2.0595056801046305,3.959400816199436,0,0,0,0,0,0,0,0,0,0,0,0
0,1.45,0.030708418218202027,0.0,0.0,0.0,36.02302844025768,0.11957342692227582,3.7166889043052067,1,1,0,0,0,0,0,0,0,0,0,0
1,1.45,0.03507732889286763,0.0,0.0,0.0,50.57590519586177,0.14425706566205965,4.268546663233029,1,1,0,0,0,0,0,0,0,0,0,0
2,1.45,-0.015650202830358673,0.0,0.0,0.0,41.910619959368766,2.0634220866756277,4.008566479556551,0,0,0,0,0,0,0,0,0,0,0,0
0,1.4583333333333333,0.030772000525356002,0.0,0.0,0.0,36.35485031477322,0.12163067428699086,3.7397479054580653,1,1,0,0,0,0,0,0,0,0,0,0
1,1.4583333333333333,0.035428817969338944,0.0,0.0,0.0,51.15359411518549,0.13436033738676845,4.308842305508279,1,1,0,0,0,0,0,0,0,0,0,0
2,1.4583333333333333,-0.01586641054458582,0.0,0.0,0.0,42.116677532092574,2.06738056587841,4.0340030671858536,0,0,0,0,0,0,0,0,0,0,0,0
0,1.4666666666666666,0.030894448732698532,0.0,0.0,0.0,36.68962091970237,0.11638915085365138,3.7386015553517695,1,1,0,0,0,0,0,0,0,0,0,0
1,1.4666666666666666,0.03553314742874969,0.0,0.0,0.0,51.74204102134771,0.14824310200221247,4.313284115919874,1,1,0,0,0,0,0,0,0,0,0,0
2,1.4666666666666666,-0.016038856087679854,0.0,0.0,0.0,42.32177554319782,2.071008388403148,4.045322862645138,0,0,0,0,0,0,0,0,0,0,0,0
0,1.475,0.031016279764239485,0.0,0.0,0.0,37.02740467218575,0.10235059223275643,3.734702815233712,1,1,0,0,0,0,0,0,0,0,0,0
1,1.475,0.03559181792363253,0.0,0.0,0.0,52.3416459276611,0.15969901781260082,4.323996417978298,1,1,0,0,0,0,0,0,0,0,0,0
2,1.475,-0.016241883751841435,0.0,0.0,0.0,42.52587911642439,2.073726769105198,4.074291299380393,0,0,0,0,0,0,0,0,0,0,0,0
0,1.4833333333333334,0.031061721900189188,0.0,0.0,0.0,37.3681850913857,0.09589203862042424,3.7534743975214204,1,1,0,0,0,0,0,0,0,0,0,0
1,1.4833333333333334,0.035895102627282904,0.0,0.0,0.0,52.95320868752661,0.1450676567813013,4.367654630110514,1,1,0,0,0,0,0,0,0,0,0,0
2,1.4833333333333334,-0.016478074240636076,0.0,0.0,0.0,42.728949348068525,2.0771769512262805,4.11400620095349,0,0,0,0,0,0,0,0,0,0,0,0
0,1.4916666666666667,0.031141815093210568,0.0,0.0,0.0,37.71206199702526,0.10462764746746009,3.780761994450924,1,1,0,0,0,0,0,0,0,0,0,0
1,1.4916666666666667,0.03629900751872728,0.0,0.0,0.0,53.57746132818973,0.13287896330568608,4.410618987915214,1,1,0,0,0,0,0,0,0,0,0,0
2,1.4916666666666667,-0.016691426971005896,0.0,0.0,0.0,42.93100461342849,2.0815786709012283,4.138532588276887,0,0,0,0,0,0,0,0,0,0,0,0
0,1.5,0.03128468355480418,0.0,0.0,0.0,38.05917174619696,0.10454764547908615,3.781382833906898,1,1,0,0,0,0,0,0,0,0,0,0
1,1.5,0.036383329697317945,0.0,0.0,0.0,54.21465055712376,0.14760077389653614,4.415648786876058,1,1,0,0,0,0,0,0,0,0,0,0
2,1.5,-0.016879500717593032,0.0,0.0,0.0,43.13206709026105,2.0861002176081906,4.143982617148267,0,0,0,0,0,0,0,0,0,0,0,0
0,1.5083333333333333,0.031410586401384055,0.0,0.0,0.0,38.4095718541798,0.09016575607942452,3.7737301651204334,1,1,0,0,0,0,0,0,0,0,0,0
1,1.5083333333333333,0.03641633077902395,0.0,0.0,0.0,54.865311944637064,0.15968227762173912,4.425050650719683,1,1,0,0,0,0,0,0,0,0,0,0
2,1.5083333333333333,-0.017081185152789224,0.0,0.0,0.0,43.33211955763137,2.090644848189185,4.157978201542311,0,0,0,0,0,0,0,0,0,0,0,0
0,1.5166666666666666,0.03147132751596482,0.0,0.0,0.0,38.76326752105935,0.08728878480657981,3.793495047844861,1,1,0,0,0,0,0,0,0,0,0,0
1,1.5166666666666666,0.03672676583285628,0.0,0.0,0.0,55.530460481208905,0.14374180304725015,4.469424502711636,1,1,0,0,0,0,0,0,0,0,0,0
2,1.5166666666666666,-0.017344066928973056,0.0,0.0,0.0,43.53109449007007,2.095038131330096,4.196995209736499,0,0,0,0,0,0,0,0,0,0,0,0
0,1.525,0.031591454250267326,0.0,0.0,0.0,39.120397141989486,0.10815198224372222,3.831449511505419,1,1,0,0,0,0,0,0,0,0,0,0
1,1.525,0.03715740309795734,0.0,0.0,0.0,56.211064468044526,0.12983546469510973,4.512944222983577,1,1,0,0,0,0,0,0,0,0,0,0
2,1.525,-0.017591229594366986,0.0,0.0,0.0,43.72900221795744,2.099325569946611,4.227158390272499,0,0,0,0,0,0,0,0,0,0,0,0
0,1.5333333333333334,0.03175420787370786,0.0,0.0,0.0,39.48108982148806,0.11245465123969406,3.8428099072082276,1,1,0,0,0,0,0,0,0,0,0,0
1,1.5333333333333334,0.037239179890479646,0.0,0.0,0.0,56.90754663172082,0.14381774501465283,4.5156325573658025,1,1,0,0,0,0,0,0,0,0,0,0
2,1.5333333333333334,-0.0177787433120713,0.0,0.0,0.0,43.925899942038235,2.1037421993896386,4.2318227903361745,0,0,0,0,0,0,0,0,0,0,0,0
0,1.5416666666666667,0.03188750153165287,0.0,0.0,0.0,39.84540261215124,0.09734870404440278,3.841273227627412,1,1,0,0,0,0,0,0,0,0,0,0
1,1.5416666666666667,0.037269650446788205,0.0,0.0,0.0,57.62066469628747,0.15441690930224233,4.524905067214866,1,1,0,0,0,0,0,0,0,0,0,0
2,1.5416666666666667,-0.017965835462757873,0.0,0.0,0.0,44.12178578182603,2.1080819119560203,4.243463939868118,0,0,0,0,0,0,0,0,0,0,0,0
0,1.55,0.031919255016607195,0.0,0.0,0.0,40.21331227239762,0.0857311537606695,3.857425212997287,1,1,0,0,0,0,0,0,0,0,0,0
1,1.55,0.03761310862720135,0.0,0.0,0.0,58.351754934585664,0.13466388293446127,4.570231290469075,1,1,0,0,0,0,0,0,0,0,0,0
2,1.55,-0.018219772688091496,0.0,0.0,0.0,44.31658768188607,2.112419507874643,4.279841283485819,0,0,0,0,0,0,0,0,0,0,0,0
0,1.5583333333333333,0.032007471418932454,0.0,0.0,0.0,40.5849627388619,0.09890551014202739,3.887746025883818,1,1,0,0,0,0,0,0,0,0,0,0
1,1.5583333333333333,0.038072464452464816,0.0,0.0,0.0,59.10211050021288,0.11789290860763742,4.613804790985452,1,1,0,0,0,0,0,0,0,0,0,0
2,1.5583333333333333,-0.018463078451312676,0.0,0.0,0.0,44.51031173658009,2.1170524168735647,4.306791902437792,0,0,0,0,0,0,0,0,0,0,0,0
0,1.5666666666666667,0.03221001415882041,0.0,0.0,0.0,40.960572509006866,0.11049302324320935,3.894758996871167,1,1,0,0,0,0,0,0,0,0,0,0
1,1.5666666666666667,0.03813409805787815,0.0,0.0,0.0,59.872415115371275,0.1317242545658543,4.61579472211238,1,1,0,0,0,0,0,0,0,0,0,0
2,1.5666666666666667,-0.018660183210171155,0.0,0.0,0.0,44.70300185539718,2.1217621299718443,4.313257584582188,0,0,0,0,0,0,0,0,0,0,0,0
0,1.575,0.032356450267536196,0.0,0.0,0.0,41.34018716969026,0.09670987622518899,3.88702159511263,1,1,0,0,0,0,0,0,0,0,0,0
1,1.575,0.03811494364652268,0.0,0.0,0.0,60.66371956294912,0.14490880344535043,4.621419345368509,1,1,0,0,0,0,0,0,0,0,0,0
2,1.575,-0.01889465794686984,0.0,0.0,0.0,44.89461685197804,2.126791231081472,4.332871582382913,0,0,0,0,0,0,0,0,0,0,0,0
0,1.5833333333333333,0.03240536389043536,0.0,0.0,0.0,41.723802924596725,0.08753846405327773,3.9022163635027667,1,1,0,0,0,0,0,0,0,0,0,0
1,1.5833333333333333,0.03834447861019896,0.0,0.0,0.0,61.47765306753669,0.13553828679092647,4.6580352662488185,1,1,0,0,0,0,0,0,0,0,0,0
2,1.5833333333333333,-0.019222683472645663,0.0,0.0,0.0,45.08505541611918,2.1320274954545386,4.377822420687071,0,0,0,0,0,0,0,0,0,0,0,0
0,1.5916666666666666,0.03251373756008924,0.0,0.0,0.0,42.11158390757274,0.11086631669147304,3.9412461754343555,1,1,0,0,0,0,0,0,0,0,0,0
1,1.5916666666666666,0.03870744795113468,0.0,0.0,0.0,62.315954200950884,0.12501368420413703,4.695905085577782,1,1,0,0,0,0,0,0,0,0,0,0
2,1.5916666666666666,-0.01948568489957747,0.0,0.0,0.0,45.27437791533826,2.1370507039258007,4.402847564410979,0,0,0,0,0,0,0,0,0,0,0,0
0,1.6,0.03270440992037349,0.0,0.0,0.0,42.50373186765161,0.13198984809074876,3.967801899461817,1,1,0,0,0,0,0,0,0,0,0,0
1,1.6,0.038736322618907026,0.0,0.0,0.0,63.17984188535512,0.14031929970662146,4.693068257290866,1,1,0,0,0,0,0,0,0,0,0,0
2,1.6,-0.019680735727179766,0.0,0.0,0.0,45.4626507786869,2.1420103297351654,4.40438298100254,0,0,0,0,0,0,0,0,0,0,0,0
0,1.6083333333333334,0.032838740426544444,0.0,0.0,0.0,42.90030759079935,0.11993891167834685,3.966470341122759,1,1,0,0,0,0,0,0,0,0,0,0
1,1.6083333333333334,0.03868062464157629,0.0,0.0,0.0,64.07087884436105,0.1572128315348884,4.693720676101585,1,1,0,0,0,0,0,0,0,0,0,0
2,1.6083333333333334,-0.019925975004104757,0.0,0.0,0.0,45.64982026580334,2.1473225221356955,4.423028635015864,0,0,0,0,0,0,0,0,0,0,0,0
0,1.6166666666666667,0.03287521164824536,0.0,0.0,0.0,43.30132196764369,0.11149826229617407,3.980893820594451,1,1,0,0,0,0,0,0,0,0,0,0
1,1.6166666666666667,0.038780951532236596,0.0,0.0,0.0,64.99115409140755,0.1619836762532908,4.720311081914938,1,1,0,0,0,0,0,0,0,0,0,0
2,1.6166666666666667,-0.020269250490163593,0.0,0.0,0.0,45.835780792924986,2.152426639135885,4.466555821817316,0,0,0,0,0,0,0,0,0,0,0,0
0,1.625,0.03295154135046019,0.0,0.0,0.0,43.70693331826142,0.13576853803817315,4.016993744261047,1,1,0,0,0,0,0,0,0,0,0,0
1,1.625,0.038984344227244616,0.0,0.0,0.0,65.9430028389885,0.16472975294207493,4.747773191508812,1,1,0,0,0,0,0,0,0,0,0,0
2,1.625,-0.020496677705319044,0.0,0.0,0.0,46.02064582369717,2.1575360821569256,4.483968464769474,0,0,0,0,0,0,0,0,0,0,0,0
0,1.6333333333333333,0.033124831902902496,0.0,0.0,0.0,44.11737567774949,0.16165517680360905,4.035870895579263,1,1,0,0,0,0,0,0,0,0,0,0
1,1.6333333333333333,0.03895608110586246,0.0,0.0,0.0,66.92848326217161,0.18319698778405752,4.75084254207945,1,1,0,0,0,0,0,0,0,0,0,0
2,1.6333333333333333,-0.02069895477523076,0.0,0.0,0.0,46.20443932644034,2.162516084757878,4.491500929149157,0,0,0,0,0,0,0,0,0,0,0,0
0,1.6416666666666666,0.033257834062804914,0.0,0.0,0.0,44.53274607972722,0.15167107617693656,4.027611466257229,1,1,0,0,0,0,0,0,0,0,0,0
1,1.6416666666666666,0.038848816502764505,0.0,0.0,0.0,67.94999008261732,0.20246554134109804,4.755481463384324,1,1,0,0,0,0,0,0,0,0,0,0
2,1.6416666666666666,-0.020980516919181902,0.0,0.0,0.0,46.38707766934433,2.167145870942425,4.520107281463365,0,0,0,0,0,0,0,0,0,0,0,0
0,1.65,0.03327799345735549,0.0,0.0,0.0,44.953058142928356,0.14654385671259976,4.042490257480607,1,1,0,0,0,0,0,0,0,0,0,0
1,1.65,0.03893722706739722,0.0,0.0,0.0,69.01067957619577,0.20927285611448107,4.783706120120753,1,1,1,0,0,0,0,0,0,0,0,0
2,1.65,-0.021289532964344993,0.0,0.0,0.0,46.56852812838795,2.171594776406916,4.561338877291717,0,0,0,0,0,0,0,0,0,0,0,0
0,1.6583333333333334,0.03330654885465112,0.0,0.0,0.0,45.37845308245829,0.17552026878078789,4.080833793235848,1,1,0,0,0,0,0,0,0,0,0,0
1,1.6583333333333334,0.039147160173519824,0.0,0.0,0.0,70.11415057230818,0.21348139407936745,4.8125636601029536,1,1,1,0,0,0,0,0,0,0,0,0
2,1.6583333333333334,-0.021508022282650252,0.0,0.0,0.0,46.748879881243205,2.1768252421298695,4.5755798399363075,0,0,0,0,0,0,0,0,0,0,0,0
0,1.6666666666666667,0.03342553558954764,0.0,0.0,0.0,45.80917386667138,0.20301350211118585,4.099071884907399,1,1,0,0,0,0,0,0,0,0,0,0
1,1.6666666666666667,0.03909703448156232,0.0,0.0,0.0,71.26378293405816,0.23235173768475814,4.814107696572291,1,1,1,0,0,0,0,0,0,0,0,0
2,1.6666666666666667,-0.021699722019033807,0.0,0.0,0.0,46.92815958398534,2.181989883292652,4.570431621268578,0,0,0,0,0,0,0,0,0,0,0,0
0,1.675,0.03356203260247348,0.0,0.0,0.0,46.24540028940641,0.1938935426552496,4.089405353402394,1,1,0,0,0,0,0,0,0,0,0,0
1,1.675,0.038948774813905906,0.0,0.0,0.0,72.46347376173405,0.2514616798343688,4.822065064800072,1,1,1,0,0,0,0,0,0,0,0,0
2,1.675,-0.021921118123054306,0.0,0.0,0.0,47.10633632076264,2.1869481838687026,4.579433133762435,0,0,0,0,0,0,0,0,0,0,0,0
0,1.6833333333333333,0.033577033707060444,0.0,0.0,0.0,46.68716046185883,0.1852328572880272,4.097054496958853,1,1,0,0,0,0,0,0,0,0,0,0
1,1.6833333333333333,0.039154183632947426,0.0,0.0,0.0,73.7186349731319,0.24961305571016704,4.857984145906576,1,1,1,0,0,0,0,0,0,0,0,0
2,1.6833333333333333,-0.022183767099062557,0.0,0.0,0.0,47.28336611466501,2.191806861476531,4.608315920926733,0,0,0,0,0,0,0,0,0,0,0,0
0,1.6916666666666667,0.033562452742051274,0.0,0.0,0.0,47.13457568201869,0.19949895064341577,4.118896533314113,1,1,0,0,0,0,0,0,0,0,0,0
1,1.6916666666666667,0.039525696445926406,0.0,0.0,0.0,75.03556421409995,0.248384711081006,4.893435793602194,1,1,1,0,0,0,0,0,0,0,0,0
2,1.6916666666666667,-0.022400761483733156,0.0,0.0,0.0,47.45929386615995,2.196843112648685,4.62470792668854,0,0,0,0,0,0,0,0,0,0,0,0
0,1.7,0.033593280109405654,0.0,0.0,0.0,47.587856507810805,0.21449129673821193,4.128176204296604,1,1,0,0,0,0,0,0,0,0,0,0
1,1.7,0.03940129679909998,0.0,0.0,0.0,76.42006998796927,0.2726270060527096,4.897014924846959,1,1,1,0,0,0,0,0,0,0,0,0
2,1.7,-0.0225861419171256,0.0,0.0,0.0,47.63415179127368,2.201800995560992,4.625210831979056,0,0,0,0,0,0,0,0,0,0,0,0
0,1.7083333333333333,0.03365919857729738,0.0,0.0,0.0,48.04721685396157,0.2032237507227581,4.118446469948897,1,1,0,0,0,0,0,0,0,0,0,0
1,1.7083333333333333,0.039177036340638294,0.0,0.0,0.0,77.87917789222409,0.29182031051105034,4.908031382190929,1,1,1,0,0,0,0,0,0,0,0,0
2,1.7083333333333333,-0.02279259415658963,0.0,0.0,0.0,47.80791869481371,2.2066259646062862,4.63505831588131,0,0,0,0,0,0,0,0,0,0,0,0
0,1.7166666666666666,0.033651010498722655,0.0,0.0,0.0,48.51275592677141,0.19028080708506956,4.124808234688919,1,1,0,0,0,0,0,0,0,0,0,0
1,1.7166666666666666,0.03963967882847386,0.0,0.0,0.0,79.42343684280976,0.2731466115328753,4.957391179400347,1,1,1,0,0,0,0,0,0,0,0,0
2,1.7166666666666666,-0.023042433176103216,0.0,0.0,0.0,47.98054951425962,2.211435357030994,4.661669148664579,0,0,0,0,0,0,0,0,0,0,0,0
0,1.725,0.03364098715609076,0.0,0.0,0.0,48.98465245264826,0.18609535574522457,4.134721636053158,1,1,0,0,0,0,0,0,0,0,0,0
1,1.725,0.04027053707007422,0.0,0.0,0.0,281.06537459297874,0.26297024688220977,5.0034684171057675,1,1,1,1,0,1,0,0,0,0,0,0
2,1.725,0.038775219644008985,0.0,0.0,0.0,48.11547659694999,0.08910614546263038,4.685039343801309,1,1,0,0,0,0,0,0,0,0,0,0
0,1.7333333333333334,0.0337644990081718,0.0,0.0,0.0,49.463254971501904,0.18683397662121506,4.125953825417098,1,1,0,0,0,0,0,0,0,0,0,0
1,1.7333333333333334,0.00011467778033136256,0.0,0.0,0.0,481.13943016511973,3.0882726065086246,4.985985292148992,1,0,0,1,0,1,0,0,0,0,0,0
2,1.7333333333333334,0.03879487096159373,0.0,0.0,0.0,48.25078333945621,0.100191544537283,4.680448744362695,1,1,0,0,0,0,0,0,0,0,0,0
0,1.7416666666666667,0.03393264077484481,0.0,0.0,0.0,49.94884315975995,0.17822682380092578,4.116660860190465,1,1,0,0,0,0,0,0,0,0,0,0
1,1.7416666666666667,0.00010170623051486416,0.0,0.0,0.0,681.213473321769,3.0883163123309356,4.975515219041396,1,0,0,1,0,1,0,0,0,0,0,0
2,1.7416666666666667,0.03893808806562937,0.0,0.0,0.0,48.38659735762542,0.09503439183920459,4.692486652811387,1,1,0,0,0,0,0,0,0,0,0,0
0,1.75,0.033962582357105475,0.0,0.0,0.0,50.441497338300586,0.16662808839276172,4.123584166144093,1,1,0,0,0,0,0,0,0,0,0,0
1,1.75,9.945776320030575e-05,0.0,0.0,0.0,881.2875147737243,3.088342955191798,4.983068985933637,1,0,0,1,0,1,0,0,0,0,0,0
2,1.75,0.039205473753938236,0.0,0.0,0.0,48.5230481055238,0.08374112025155327,4.722831173659494,1,1,0,0,0,0,0,0,0,0,0,0
0,1.7583333333333333,0.03396457757025928,0.0,0.0,0.0,50.94141268314007,0.16721702621182308,4.138647565339643,1,1,0,0,0,0,0,0,0,0,0,0
2,1.7583333333333333,0.03929731676503323,0.0,0.0,0.0,48.659963742730625,0.09188965921833732,4.738761856407287,1,1,0,0,0,0,0,0,0,0,0,0
0,1.7666666666666666,0.03402107440279645,0.0,0.0,0.0,51.44888981929564,0.1759383307601756,4.149333377395855,1,1,0,0,0,0,0,0,0,0,0,0
2,1.7666666666666666,0.03931366517774215,0.0,0.0,0.0,48.7972718047754,0.10094703126129023,4.744898261745729,1,1,0,0,0,0,0,0,0,0,0,0
0,1.775,0.03412135536403671,0.0,0.0,0.0,51.964241494193935,0.17028506053573175,4.14763260196862,1,1,0,0,0,0,0,0,0,0,0,0
2,1.775,0.03950007180116977,0.0,0.0,0.0,48.93514706270853,0.08686372786886938,4.764926166105268,1,1,0,0,0,0,0,0,0,0,0,0
0,1.7833333333333334,0.03413719605568355,0.0,0.0,0.0,52.48764663198301,0.16554342776543224,4.159837116661899,1,1,0,0,0,0,0,0,0,0,0,0
2,1.7833333333333334,0.039831784231102674,0.0,0.0,0.0,49.07374102864992,0.07022184667035666,4.800520384024663,1,1,0,0,0,0,0,0,0,0,0,0
0,1.7916666666666667,0.03412238906725218,0.0,0.0,0.0,53.01934397214686,0.1905716946471714,4.192735393133857,1,1,0,0,0,0,0,0,0,0,0,0
2,1.7916666666666667,0.0398994449824972,0.0,0.0,0.0,49.21279337291825,0.08055708381678528,4.8144875117456465,1,1,0,0,0,0,0,0,0,0,0,0
0,1.8,0.03420057949089772,0.0,0.0,0.0,53.55973349804565,0.21572897194406312,4.208954944540104,1,1,0,0,0,0,0,0,0,0,0,0
2,1.8,0.03992181306169762,0.0,0.0,0.0,49.35226212824957,0.08916894296649397,4.814610663087271,1,1,0,0,0,0,0,0,0,0,0,0
0,1.8083333333333333,0.03435843307478992,0.0,0.0,0.0,54.10924026473033,0.20774716104973215,4.200557771124283,1,1,0,0,0,0,0,0,0,0,0,0
2,1.8083333333333333,0.04012816125682939,0.0,0.0,0.0,49.49233648040346,0.07454196955268814,4.833272972752638,1,1,0,0,0,0,0,0,0,0,0,0
0,1.8166666666666667,0.034362071998496946,0.0,0.0,0.0,54.66803392981522,0.20653369598211413,4.212833065296805,1,1,0,0,0,0,0,0,0,0,0,0
2,1.8166666666666667,0.04043834236827948,0.0,0.0,0.0,49.63312660126586,0.06004670188944585,4.8669935667035205,1,1,0,0,0,0,0,0,0,0,0,0
0,1.825,0.034270923242845974,0.0,0.0,0.0,55.23633442880417,0.24407575932530653,4.251257065558538,1,1,0,0,0,0,0,0,0,0,0,0
2,1.825,0.040490071806798866,0.0,0.0,0.0,49.774377869570706,0.07057974411962792,4.877262276898662,1,1,0,0,0,0,0,0,0,0,0,0
0,1.8333333333333333,0.03424846794700254,0.0,0.0,0.0,55.8145616783954,0.27457626855036954,4.269550450685399,1,1,0,0,0,0,0,0,0,0,0,0
2,1.8333333333333333,0.04052291593533042,0.0,0.0,0.0,49.91607509060278,0.07218683999044447,4.881218771738405,1,1,0,0,0,0,0,0,0,0,0,0
0,1.8416666666666666,0.034344181240823835,0.0,0.0,0.0,56.40324101099859,0.2700840340966361,4.260175833216997,1,1,0,0,0,0,0,0,0,0,0,0
2,1.8416666666666666,0.04088323859826737,0.0,0.0,0.0,50.05855286314711,0.03553987032202773,4.917159923383254,1,1,0,0,0,0,0,0,0,0,0,0
0,1.85,0.03431578444793493,0.0,0.0,0.0,57.00264123479666,0.263558908344858,4.267061827094544,1,1,0,0,0,0,0,0,0,0,0,0
2,1.85,0.04127778628435941,0.0,0.0,0.0,50.201853024149,0.026202147283551285,4.963419191409739,1,1,0,0,0,0,0,0,0,0,0,0
0,1.8583333333333334,0.034230478791681396,0.0,0.0,0.0,57.61310224400185,0.2713831122946672,4.283061268842021,1,1,0,0,0,0,0,0,0,0,0,0
2,1.8583333333333334,0.04135199057674832,0.0,0.0,0.0,50.34565962786238,0.027466351265107693,4.9757414364015125,1,1,0,0,0,0,0,0,0,0,0,0
0,1.8666666666666667,0.03424503302449211,0.0,0.0,0.0,58.23517748056428,0.2865727580974411,4.285358976927629,1,1,0,0,0,0,0,0,0,0,0,0
2,1.8666666666666667,0.04134229570489545,0.0,0.0,0.0,50.48989235060273,0.0338351001244115,4.963432248539137,1,1,0,0,0,0,0,0,0,0,0,0
0,1.875,0.034391835488655875,0.0,0.0,0.0,58.869528632910914,0.2836301906254578,4.275755404650248,1,1,0,0,0,0,0,0,0,0,0,0
2,1.875,0.04133642953931904,0.0,0.0,0.0,50.63455868194783,0.04226674814290564,4.9575666227577955,1,1,0,0,0,0,0,0,0,0,0,0
0,1.8833333333333333,0.03436276781426573,0.0,0.0,0.0,59.51648000518161,0.2777455528635978,4.2824753914017,1,1,0,0,0,0,0,0,0,0,0,0
2,1.8833333333333333,0.04140964553458559,0.0,0.0,0.0,50.7797422628697,0.04354849790409364,4.977307233275494,1,1,0,0,0,0,0,0,0,0,0,0
0,1.8916666666666666,0.03426102665875885,0.0,0.0,0.0,60.17646221908053,0.28583001189524626,4.296782947128362,1,1,0,0,0,0,0,0,0,0,0,0
2,1.8916666666666666,0.04151874640606046,0.0,0.0,0.0,50.92548399604125,0.04472533788991148,4.995217620993934,1,1,0,0,0,0,0,0,0,0,0,0
0,1.9,0.034253000539852474,0.0,0.0,0.0,60.85014111213871,0.2983742835847713,4.298631558699721,1,1,0,0,0,0,0,0,0,0,0,0
2,1.9,0.04152697618398449,0.0,0.0,0.0,51.071687003710146,0.054627953806295,4.989325258751724,1,1,0,0,0,0,0,0,0,0,0,0
0,1.9083333333333334,0.034376185867082354,0.0,0.0,0.0,61.538314318074974,0.29293220914065726,4.289298745005032,1,1,0,0,0,0,0,0,0,0,0,0
2,1.9083333333333334,0.0415116433850411,0.0,0.0,0.0,51.21833150968391,0.06439090400973363,4.9873291086257465,1,1,0,0,0,0,0,0,0,0,0,0
0,1.9166666666666667,0.03433796957723545,0.0,0.0,0.0,62.241464176209455,0.28703545125940555,4.2964911666881855,1,1,0,0,0,0,0,0,0,0,0,0
2,1.9166666666666667,0.04161339999304481,0.0,0.0,0.0,51.365539742888465,0.061417615753552694,5.010251876621531,1,1,0,0,0,0,0,0,0,0,0,0
0,1.925,0.0342184841542954,0.0,0.0,0.0,62.96015929571179,0.2964561665902909,4.31309970657939,1,1,0,0,0,0,0,0,0,0,0,0
2,1.925,0.04178565960912195,0.0,0.0,0.0,51.51338822196481,0.05724689585261406,5.033974758077202,1,1,0,0,0,0,0,0,0,0,0,0
0,1.9333333333333333,0.034240059114358345,0.0,0.0,0.0,63.695302726379786,0.31153950012674403,4.31484930779349,1,1,0,0,0,0,0,0,0,0,0,0
2,1.9333333333333333,0.04181898290743469,0.0,0.0,0.0,51.66174255541311,0.06654704129162074,5.028145539064756,1,1,0,0,0,0,0,0,0,0,0,0
0,1.9416666666666667,0.03443020733977353,0.0,0.0,0.0,64.44796895536288,0.30999552107165024,4.307533138081615,1,1,0,0,0,0,0,0,0,0,0,0
2,1.9416666666666667,0.041836968186055756,0.0,0.0,0.0,51.81059184045733,0.07293291307675037,5.028983795828113,1,1,0,0,0,0,0,0,0,0,0,0
0,1.95,0.03438583187853683,0.0,0.0,0.0,65.21877836741874,0.3086335880761705,4.316731327279008,1,1,0,0,0,0,0,0,0,0,0,0
2,1.95,0.0420531608084076,0.0,0.0,0.0,51.96014107260732,0.05606056616274262,5.061465954343955,1,1,0,0,0,0,0,0,0,0,0,0
0,1.9583333333333333,0.03418146384134113,0.0,0.0,0.0,66.0083993624967,0.3303867143604139,4.3398553631016386,1,1,0,0,0,0,0,0,0,0,0,0
2,1.9583333333333333,0.04233292986913462,0.0,0.0,0.0,52.11046148420623,0.04457212763973114,5.093525361927236,1,1,0,0,0,0,0,0,0,0,0,0
0,1.9666666666666666,0.03405097058326412,0.0,0.0,0.0,66.81783544386745,0.35263412297386687,4.350180224603174,1,1,0,0,0,0,0,0,0,0,0,0
2,1.9666666666666666,0.04237504297647732,0.0,0.0,0.0,52.26132042844352,0.05102844951251358,5.090785883901739,1,1,0,0,0,0,0,0,0,0,0,0
0,1.975,0.03415810086798099,0.0,0.0,0.0,67.6484739838092,0.3500315952965832,4.342046671491753,1,1,0,0,0,0,0,0,0,0,0,0
2,1.975,0.04235555815675518,0.0,0.0,0.0,52.412660661126715,0.06093149958922924,5.0869105166410336,1,1,0,0,0,0,0,0,0,0,0,0
0,1.9833333333333334,0.03406074328501618,0.0,0.0,0.0,68.50122518695453,0.35036584844208846,4.3517356815549855,1,1,0,0,0,0,0,0,0,0,0,0
2,1.9833333333333334,0.04237567576215362,0.0,0.0,0.0,52.56452667053898,0.06739918828257667,5.10205624087507,1,1,0,0,0,0,0,0,0,0,0,0
0,1.9916666666666667,0.03379244501442358,0.0,0.0,0.0,69.37700205598875,0.3731605233254833,4.3751233101118245,1,1,0,0,0,0,0,0,0,0,0,0
2,1.9916666666666667,0.04247928422829261,0.0,0.0,0.0,52.71700791534655,0.066652674144369,5.122374998432253,1,1,0,0,0,0,0,0,0,0,0,0
0,2.0,0.03370831022763188,0.0,0.0,0.0,70.27728994095295,0.39581534885886255,4.3778693552416295,1,1,0,0,0,0,0,0,0,0,0,0
2,2.0,0.04258569973846171,0.0,0.0,0.0,52.870113306314316,0.06868470162471596,5.122359574248048,1,1,0,0,0,0,0,0,0,0,0,0
0,2.0083333333333333,0.033925165722312745,0.0,0.0,0.0,71.20404279373484,0.39522984870992817,4.367122381980463,1,1,0,0,0,0,0,0,0,0,0,0
2,2.0083333333333333,0.042615352135721096,0.0,0.0,0.0,53.02377134246114,0.07659885825888085,5.121226984358429,1,1,0,0,0,0,0,0,0,0,0,0
0,2.0166666666666666,0.03381070803994812,0.0,0.0,0.0,72.15847202565561,0.39963835226238864,4.376295236461319,1,1,0,0,0,0,0,0,0,0,0,0
2,2.0166666666666666,0.04269010979853327,0.0,0.0,0.0,53.178033032911,0.07625585409633753,5.140271534341938,1,1,0,0,0,0,0,0,0,0,0,0
0,2.025,0.03338817548983708,0.0,0.0,0.0,73.14167388218932,0.4324658754581711,4.403430649790716,1,1,0,0,0,0,0,0,0,0,0,0
2,2.025,0.04291581612486617,0.0,0.0,0.0,53.333057225382525,0.06419621566741751,5.169627693920985,1,1,0,0,0,0,0,0,0,0,0,0
0,2.033333333333333,0.03302972107927049,0.0,0.0,0.0,74.15528000662825,0.46311829547298905,4.416060166830185,1,1,0,0,0,0,0,0,0,0,0,0
2,2.033333333333333,0.043052458631537505,0.0,0.0,0.0,53.488761780348874,0.0635839007924517,5.17722675800959,1,1,0,0,0,0,0,0,0,0,0,0
0,2.0416666666666665,0.03302446826630634,0.0,0.0,0.0,75.2016976024097,0.46871146136757297,4.40837990219523,1,1,1,0,0,0,0,0,0,0,0,0
2,2.0416666666666665,0.04306207125600636,0.0,0.0,0.0,53.645025090841536,0.06988686007250397,5.177952174253302,1,1,0,0,0,0,0,0,0,0,0,0
0,2.05,0.032769538438823576,0.0,0.0,0.0,76.2826694150182,0.477413656196274,4.417237929567804,1,1,1,0,0,0,0,0,0,0,0,0
2,2.05,0.04319074557619906,0.0,0.0,0.0,53.80197326369188,0.06057575540478982,5.203816916509398,1,1,0,0,0,0,0,0,0,0,0,0
0,2.058333333333333,0.03224644115743325,0.0,0.0,0.0,77.39978765748418,0.5078821356571676,4.439063236741952,1,1,1,0,0,0,0,0,0,0,0,0
2,2.058333333333333,0.043519517242371464,0.0,0.0,0.0,53.95981618546517,0.04793774527201699,5.2430776636771474,1,1,0,0,0,0,0,0,0,0,0,0
0,2.066666666666667,0.031896364297758883,0.0,0.0,0.0,78.55544173513114,0.5386156273758255,4.442301977161789,1,1,1,0,0,0,0,0,0,0,0,0
2,2.066666666666667,0.04358960676441903,0.0,0.0,0.0,54.118301759240104,0.0502743599033015,5.237232219878336,1,1,0,0,0,0,0,0,0,0,0,0
0,2.075,0.03195589728368531,0.0,0.0,0.0,79.75301340794513,0.5489611372715,4.432011914858542,1,1,1,0,0,0,0,0,0,0,0,0
2,2.075,0.04359013286501501,0.0,0.0,0.0,54.27736619257289,0.054967754462013504,5.231882510425658,1,1,0,0,0,0,0,0,0,0,0,0
0,2.0833333333333335,0.0315422337909842,0.0,0.0,0.0,80.99466235221288,0.5681324577171205,4.442402963704692,1,1,1,0,0,0,0,0,0,0,0,0
2,2.0833333333333335,0.0436549933354371,0.0,0.0,0.0,54.4370805450662,0.0545095314562502,5.249512193825642,1,1,0,0,0,0,0,0,0,0,0,0
0,2.091666666666667,0.0305196600050468,0.0,0.0,0.0,82.28169429119431,0.6212089386642312,4.473886481385451,1,1,1,0,0,0,0,0,0,0,0,0
2,2.091666666666667,0.043801265755343266,0.0,0.0,0.0,54.59753417774998,0.05206095649926613,5.271243354488326,1,1,0,0,0,0,0,0,0,0,0,0
0,2.1,0.029643023388131295,0.0,0.0,0.0,83.61646131606975,0.6679001591256617,4.4842810357927,1,1,1,0,0,0,0,0,0,0,0,0
2,2.1,0.04382847749751129,0.0,0.0,0.0,54.75861449514643,0.05569001487613039,5.266255698903443,1,1,0,0,0,0,0,0,0,0,0,0
0,2.1083333333333334,0.029342881083834427,0.0,0.0,0.0,85.00289965999036,0.6901508540124606,4.474066327786282,1,1,1,0,0,0,0,0,0,0,0,0
2,2.1083333333333334,0.043815191440746304,0.0,0.0,0.0,54.920287008081694,0.060359604234702,5.263279602951124,1,1,0,0,0,0,0,0,0,0,0,0
0,2.1166666666666667,0.028626360142188,0.0,0.0,0.0,86.44347382453263,0.7112176959643245,4.47925639202882,1,1,1,0,0,0,0,0,0,0,0,0
2,2.1166666666666667,0.04392414517064758,0.0,0.0,0.0,55.0826817713217,0.05640955292890375,5.286576171823053,1,1,0,0,0,0,0,0,0,0,0,0
0,2.125,0.02770354338457126,0.0,0.0,0.0,87.94060316914906,0.7400858835088652,4.485882013431553,1,1,1,0,0,0,0,0,0,0,0,0
2,2.125,0.04411021056321829,0.0,0.0,0.0,55.2458849516977,0.05403314173563764,5.311447629455905,1,1,0,0,0,0,0,0,0,0,0,0
0,2.1333333333333333,0.02703891442933859,0.0,0.0,0.0,89.49786625981298,0.7775889663834481,4.477738197308789,1,1,1,0,0,0,0,0,0,0,0,0
2,2.1333333333333333,0.044123304414112496,0.0,0.0,0.0,55.40973033857363,0.057210371032701414,5.301167203351187,1,1,0,0,0,0,0,0,0,0,0,0
0,2.1416666666666666,0.026612791976300176,0.0,0.0,0.0,91.11966483643006,0.8107032460673163,4.466830805545677,1,1,1,0,0,0,0,0,0,0,0,0
2,2.1416666666666666,0.04411102764806074,0.0,0.0,0.0,55.57419906540658,0.06096476408442053,5.295891565843501,1,1,0,0,0,0,0,0,0,0,0,0
0,2.15,0.025575265239861866,0.0,0.0,0.0,292.80827314347727,0.8425471002136582,4.4721826968589475,1,1,1,1,0,1,0,0,0,0,0,0
2,2.15,0.0,0.0,0.0,0.0,65.57419906540659,1.5707963267948966,0.0,0,0,1,0,0,0,0,0,0,0,0,0
