step_count,agent_id,ang_vel,ang_pos,lin_vel,lin_pos,agent_aux_state,past_actions,ally_ang_vel,ally_delta_ang_pos,ally_delta_lin_vel,ally_delta_lin_pos,target_ang_vel,target_delta_ang_pos,target_delta_lin_vel,target_delta_lin_pos,target_distance,hit_probability
0,0,[-0.05699688  0.52670254 -0.54430245],[0.17605054 0.74669365 0.48386253],[ 0.58255825 -0.11025352 -0.57216487],[-2.33946407  3.64172001  5.12294174],[0.55495159 0.66651161 0.19789224 0.45754745],[0. 0. 0. 0.],[False False False],[False False False],[False False False],[False False False],[0. 0. 0.],[0.17605054 0.74669365 0.48386253],[-0.72945949  0.38121085  0.03833705],[ 8.2765781  -2.71660638  4.08141829],9.61975418451471,0.8176044543412567
0,0,[-0.49319132  3.06682008 -3.64557488],[0.15530087 0.77042799 0.45787537],[ 0.64910496 -0.10501802 -0.42551657],[-2.33844018  3.64195688  5.11638497],[0.8133844  0.8877158  0.34142986 0.60023071],[0. 0. 0. 0.],[False False False],[False False False],[False False False],[False False False],[0. 0. 0.],[0.15530087 0.77042799 0.45787537],[-0.68085941  0.3660571  -0.12594861],[ 8.24602134 -2.54160045  4.24552011],9.616706389664028,0.8216782028163084
0,0,[-1.84274712  4.7960963  -7.71248481],[0.09080174 0.81606578 0.38358103],[ 0.71543287 -0.07188432 -0.14262257],[-2.33577899  3.64258053  5.11087454],[0.81707539 0.79181506 0.66362199 0.74029022],[0. 0. 0. 0.],[False False False],[False False False],[False False False],[False False False],[0. 0. 0.],[0.09080174 0.81606578 0.38358103],[-0.53998329  0.29984292 -0.39479743],[ 8.20304449 -2.11983739  4.54033933],9.612405042210002,0.826695652205328
0,0,[-2.32953526  3.46674038 -9.10501398],[-0.0113539   0.85233281  0.2723455 ],[ 0.77048584 -0.02247955  0.15556657],[-2.33117163  3.64369442  5.10663021],[0.51461123 0.47630747 0.90019588 0.77821558],[0. 0. 0. 0.],[False False False],[False False False],[False False False],[False False False],[0. 0. 0.],[-0.0113539   0.85233281  0.2723455 ],[-0.36737002  0.2363439  -0.65386203],[ 8.18300029 -1.58744427  4.77551851],9.606614907182832,0.8213644661813763
1,0,[-1.61770904  0.99353096 -6.94270339],[-0.10038886  0.86065603  0.1733355 ],[0.82527289 0.02443194 0.38934166],[-2.32484307  3.64529092  5.10331886],[0.22090146 0.19136332 0.88711543 0.85737256],[-1.20577967  3.14159265 -3.14159265  0.8       ],[False False False],[False False False],[False False False],[False False False],[0. 0. 0.],[-0.10038886  0.86065603  0.1733355 ],[-0.23748701  0.20520754 -0.85717499],[ 8.20614805 -1.12885459  4.8511999 ],9.599443684488318,0.8087169683599542
1,0,[-2.1327148   1.10322253 -2.65898445],[-0.15305208  0.86384077  0.12416399],[0.8814237  0.04788714 0.57502687],[-2.31704698  3.64733548  5.10064948],[0.10607806 0.14536276 0.74023087 0.85124681],[-1.20577967  3.14159265 -3.14159265  0.8       ],[False False False],[False False False],[False False False],[False False False],[0. 0. 0.],[-0.15305208  0.86384077  0.12416399],[-0.13473116  0.21993592 -1.0214365 ],[ 8.19635033 -0.94677162  4.88994587],9.591042996847515,0.7946502581646226
1,0,[-3.79684577  2.60103069  1.81355723],[-0.17630322  0.88330427  0.13026703],[0.93037672 0.02886254 0.71176269],[-2.30810423  3.64975151  5.09831936],[0.06501245 0.13911523 0.50870808 0.64482843],[-1.20577967  3.14159265 -3.14159265  0.8       ],[False False False],[False False False],[False False False],[False False False],[0. 0. 0.],[-0.17630322  0.88330427  0.13026703],[-0.03771606  0.29558052 -1.1332474 ],[ 8.08946045 -1.1427858   5.00622437],9.581628891996177,0.7828232101984784
1,0,[-5.10514699  3.12456773  3.86255908],[-0.18560979  0.9145235   0.17044098],[ 0.97341837 -0.02331334  0.76689213],[-2.29854242  3.65238397  5.09584847],[0.1570517  0.25004628 0.26797834 0.23943729],[-1.20577967  3.14159265 -3.14159265  0.8       ],[False False False],[False False False],[False False False],[False False False],[0. 0. 0.],[-0.18560979  0.9145235   0.17044098],[ 0.0246573   0.41089197 -1.16908947],[ 7.90690703 -1.59164441  5.15386712],9.571565025945931,0.7760560458306089
2,0,[-5.58973695  2.8466583   2.6615995 ],[-0.20323643  0.94302565  0.20651546],[ 1.01765211 -0.07915657  0.8123938 ],[-2.28862804  3.65515992  5.09298868],[0.66638275 0.7390147  0.39744338 0.27779374],[-2.76842332  3.14159265  0.5441525   0.        ],[False False False],[False False False],[False False False],[False False False],[0. 0. 0.],[-0.20323643  0.94302565  0.20651546],[ 0.08202586  0.53662105 -1.18624402],[ 7.72616745 -2.04204862  5.24878278],9.561032722107571,0.769544441782531
2,0,[-5.45951936  2.55981357 -1.70060307],[-0.26345837  0.96324019  0.18992462],[ 1.06144649 -0.11280604  0.99932934],[-2.27759569  3.658455    5.0903376 ],[0.77453068 0.91602935 0.52912131 0.34629403],[-2.76842332  3.14159265  0.5441525   0.        ],[False False False],[False False False],[False False False],[False False False],[0. 0. 0.],[-0.26345837  0.96324019  0.18992462],[ 0.23760765  0.6673125  -1.27917536],[ 7.6118289  -2.25195314  5.30857254],9.549459388738502,0.7537791743139571
2,0,[-3.51729902  2.59347114 -5.2374523 ],[-0.36216886  0.97235922  0.1118287 ],[ 1.10302023 -0.10327667  1.27181161],[-2.26486082  3.66264536  5.08831371],[0.64933698 0.82586607 0.8191099  0.64634441],[-2.76842332  3.14159265  0.5441525   0.        ],[False False False],[False False False],[False False False],[False False False],[0. 0. 0.],[-0.36216886  0.97235922  0.1118287 ],[ 0.43977813  0.78242962 -1.42801385],[ 7.56964741 -2.13639807  5.39248869],9.53638783111333,0.7313339254304483
2,0,[-1.50715833  2.34241486 -4.4336743 ],[-0.44481935  0.97425794  0.02957857],[ 1.14082046 -0.06396737  1.5769942 ],[-2.25015378  3.66798268  5.08706687],[0.46409521 0.51112786 0.95281303 0.89881112],[-2.76842332  3.14159265  0.5441525   0.        ],[False False False],[False False False],[False False False],[False False False],[0. 0. 0.],[-0.44481935  0.97425794  0.02957857],[ 0.66507461  0.87463719 -1.60784309],[ 7.53607036 -1.89966718  5.50086688],9.521587486139637,0.7052572503885712
3,0,[-1.32140591  1.98288607 -0.32892162],[-4.78621036e-01  9.84456980e-01  6.82816991e-04],[ 1.17783338 -0.05111718  1.82103304],[-2.23364225  3.67442084  5.08641704],[0.23352363 0.21141569 0.57675876 0.68407219],[-3.14159265  2.6261394  -0.41809863  0.8       ],[False False False],[False False False],[False False False],[False False False],[0. 0. 0.],[-4.78621036e-01  9.84456980e-01  6.82816991e-04],[ 0.86517506  0.96198405 -1.74129967],[ 7.45450972 -1.87958441  5.58978112],9.505167316426114,0.6830653148586976
3,0,[-2.71211953  2.77823043  1.99017035],[-0.49506906  1.00984346  0.00435805],[ 1.20385104 -0.0843101   1.91375055],[-2.21628928  3.68138111  5.08565734],[0.25162325 0.20417365 0.22512212 0.42156164],[-3.14159265  2.6261394  -0.41809863  0.8       ],[False False False],[False False False],[False False False],[False False False],[0. 0. 0.],[-0.49506906  1.00984346  0.00435805],[ 0.98022644  1.04663344 -1.75000607],[ 7.29603683 -2.08988776  5.69385162],9.487872815165819,0.6737522001047546
3,0,[-3.98403034  2.90624226  1.94837665],[-0.52069222  1.03996692  0.01070675],[ 1.22328975 -0.14569706  1.950061  ],[-2.19859383  3.68855927  5.08443715],[0.35882875 0.35077691 0.10883227 0.18317578],[-3.14159265  2.6261394  -0.41809863  0.8       ],[False False False],[False False False],[False False False],[False False False],[0. 0. 0.],[-0.52069222  1.03996692  0.01070675],[ 1.06324445  1.15298164 -1.69131545],[ 7.10456286 -2.39345862  5.78612421],9.470094557216939,0.6693400043307001
3,0,[-4.85162883  2.54798737  0.63997719],[-0.56679105  1.06293448  0.0023144 ],[ 1.24935477 -0.2123032   1.98245348],[-2.18061555  3.69592665  5.08270576],[0.37352972 0.42257626 0.11208199 0.09215164],[-3.14159265  2.6261394  -0.41809863  0.8       ],[False False False],[False False False],[False False False],[False False False],[0. 0. 0.],[-0.56679105  1.06293448  0.0023144 ],[ 1.12490748  1.28510412 -1.61838572],[ 6.94638118 -2.6758073   5.82458525],9.45187544912105,0.6647112036569436
4,0,[-5.33117576  2.58838676 -1.11681158],[-0.64053278  1.07742814 -0.03143111],[ 1.27847456 -0.27538223  2.06810151],[-2.16216857  3.70363147  5.0805569 ],[0.638538   0.79320232 0.5808819  0.49271125],[-3.14159265  3.14159265 -1.00074983  0.        ],[False False False],[False False False],[False False False],[False False False],[0. 0. 0.],[-0.64053278  1.07742814 -0.03143111],[ 1.21218655  1.45096034 -1.55328499],[ 6.82679448 -2.89588171  5.83020433],9.433055511259033,0.6553088392508518
4,0,[-4.10941907  3.3501307  -2.44025916],[-0.73727312  1.08546776 -0.0989119 ],[ 1.29367845 -0.31536798  2.33694219],[-2.14227443  3.71245029  5.07850301],[0.63482056 0.820719   0.82429375 0.68915418],[-3.14159265  3.14159265 -1.00074983  0.        ],[False False False],[False False False],[False False False],[False False False],[0. 0. 0.],[-0.73727312  1.08546776 -0.0989119 ],[ 1.4519981   1.65468029 -1.54534604],[ 6.7184467  -2.97991861  5.88076391],9.412801127779186,0.631032349272554
4,0,[-1.38761523  2.46766311 -0.98751904],[-0.80621321  1.09329264 -0.15700312],[ 1.30312639 -0.32031705  2.68778485],[-2.12035425  3.72293514  5.07678156],[0.59347715 0.66027964 0.96334845 0.80500337],[-3.14159265  3.14159265 -1.00074983  0.        ],[False False False],[False False False],[False False False],[False False False],[0. 0. 0.],[-0.80621321  1.09329264 -0.15700312],[ 1.77262202  1.8264398  -1.59588774],[ 6.60436199 -2.98862687  5.96940151],9.390593286681286,0.5995848069110796
4,0,[-0.4448231   1.21583982  2.42242748],[-0.80504103  1.1102782  -0.15302118],[ 1.33858125 -0.31907928  3.04598074],[-2.09623966  3.73529245  5.07538123],[0.7504544  0.65039352 0.85872267 0.94950384],[-3.14159265  3.14159265 -1.00074983  0.        ],[False False False],[False False False],[False False False],[False False False],[0. 0. 0.],[-0.80504103  1.1102782  -0.15302118],[ 2.11911254  1.93866973 -1.70954138],[ 6.48951463 -3.08863872  6.00610277],9.366256444465467,0.5657604149240576
5,0,[-2.62276091  1.60714721  3.28462151],[-0.79697598  1.14030223 -0.1239543 ],[ 1.36142759 -0.39532448  3.35752958],[-2.06996781  3.74949823  5.07422814],[0.69636967 0.67252834 0.3169802  0.49947272],[-3.14159265  2.95872569 -0.07057101  0.8       ],[False False False],[False False False],[False False False],[False False False],[0. 0. 0.],[-0.79697598  1.14030223 -0.1239543 ],[ 2.46699856  2.06859172 -1.70810357],[ 6.30862516 -3.38850296  5.99594724],9.339811943969691,0.5355446335309157
5,0,[-3.55198532  2.60791819 -0.77217066],[-0.8528795   1.15583406 -0.15313343],[ 1.36672301 -0.47905938  3.53757132],[-2.04245563  3.76478062  5.07289961],[0.69093785 0.76491512 0.14209678 0.21332386],[-3.14159265  2.95872569 -0.07057101  0.8       ],[False False False],[False False False],[False False False],[False False False],[0. 0. 0.],[-0.8528795   1.15583406 -0.15313343],[ 2.66332912  2.22984911 -1.59571032],[ 6.169831   -3.58089397  5.98539662],9.312066840748468,0.5177456278014485
5,0,[-3.41888386  3.38676157 -4.70105398],[-0.97488329  1.14616487 -0.25501533],[ 1.35918774 -0.51439872  3.68010152],[-2.01399819  3.78091656  5.07124674],[0.42394711 0.55677383 0.15647474 0.10823413],[-3.14159265  2.95872569 -0.07057101  0.8       ],[False False False],[False False False],[False False False],[False False False],[0. 0. 0.],[-0.97488329  1.14616487 -0.25501533],[ 2.7579585   2.43147373 -1.46176091],[ 6.11403995 -3.54787229  6.01750208],9.283276014576133,0.5043341746158383
5,0,[-3.00453743  3.44010057 -6.61137223],[-1.11093485  1.11565114 -0.37703896],[ 1.35045027 -0.50848543  3.75497195],[-1.98507157  3.79749776  5.06906336],[0.17691047 0.26343695 0.36130596 0.2595832 ],[-3.14159265  2.95872569 -0.07057101  0.8       ],[False False False],[False False False],[False False False],[False False False],[0. 0. 0.],[-1.11093485  1.11565114 -0.37703896],[ 2.73846021  2.62963005 -1.32965003],[ 6.10574697 -3.37780846  6.07817444],9.253860848317277,0.4977303424837065
6,0,[-2.83698232  2.49905776 -6.78799121],[-1.21924168  1.07160816 -0.47232236],[ 1.36581423 -0.4846833   3.82590501],[-1.9558122   3.81440946  5.06628102],[0.12777821 0.12512057 0.64831786 0.6222064 ],[-2.11680055  3.14159265 -2.43331409  0.16559359],[False False False],[False False False],[False False False],[False False False],[0. 0. 0.],[-1.21924168  1.07160816 -0.47232236],[ 2.67122737  2.83844906 -1.24324851],[ 6.14385367 -3.16426965  6.10913312],9.22393884165958,0.4908800229081755
6,0,[-3.25142271  1.99582179 -4.33218326],[-1.2967083   1.03640969 -0.53180597],[ 1.39052935 -0.48880655  3.96973292],[-1.92581843  3.83205967  5.06298615],[0.07512684 0.09027304 0.71846661 0.76835709],[-2.11680055  3.14159265 -2.43331409  0.16559359],[False False False],[False False False],[False False False],[False False False],[0. 0. 0.],[-1.2967083   1.03640969 -0.53180597],[ 2.67962897  3.06778976 -1.15738401],[ 6.15985198 -3.05580516  6.10179045],9.193126143478684,0.47654654084696385
6,0,[-4.57183405  2.47785017 -0.30629176],[-1.36767148  1.03021302 -0.57376458],[ 1.38731899 -0.57620903  4.13388156],[-1.89486855  3.85069393  5.05920029],[0.05823582 0.10743428 0.6718915  0.72204703],[-2.11680055  3.14159265 -2.43331409  0.16559359],[False False False],[False False False],[False False False],[False False False],[0. 0. 0.],[-1.36767148  1.03021302 -0.57376458],[ 2.7838328   3.27055419 -0.94836586],[ 6.06461913 -3.19627892  6.07715833],9.161203936461705,0.4601631260646117
6,0,[-5.77418541  2.30164323  3.2369203 ],[-1.44231362  1.05472463 -0.60680474],[ 1.35750354 -0.76008337  4.2466548 ],[-1.8631323   3.87016836  5.05485455],[0.05246802 0.15794257 0.47129215 0.42722592],[-2.11680055  3.14159265 -2.43331409  0.16559359],[False False False],[False False False],[False False False],[False False False],[0. 0. 0.],[-1.44231362  1.05472463 -0.60680474],[ 2.92941139  3.39493346 -0.58957213],[ 5.85649371 -3.59715904  6.00735081],9.128325998148371,0.4477321632631952
7,0,[-6.51459935  1.72102245  3.91098912],[-1.51848723  1.08926609 -0.63234534],[ 1.33585388 -0.9955605   4.28921403],[-1.83097955  3.89011995  5.04985707],[0.39443462 0.5595098  0.39460866 0.18355371],[-3.14159265  3.02708173  1.21805501  0.        ],[False False False],[False False False],[False False False],[False False False],[0. 0. 0.],[-1.51848723  1.08926609 -0.63234534],[ 3.02990408  3.4589894  -0.16756156],[ 5.62621508 -4.09993481  5.85255592],9.094843172833274,0.43985868126273175
7,0,[-6.16151739  2.4465566   1.22681148],[-1.60509134  1.10668075 -0.66997845],[ 1.31532554 -1.21294167  4.37052569],[-1.79828172  3.91074235  5.04418846],[0.49361057 0.7648519  0.33884631 0.09143535],[-3.14159265  3.02708173  1.21805501  0.        ],[False False False],[False False False],[False False False],[False False False],[0. 0. 0.],[-1.60509134  1.10668075 -0.66997845],[3.1095378  3.54516674 0.25567776],[ 5.44104185 -4.49269286  5.68379505],9.06061541219294,0.4277415578865892
7,0,[-4.94753157  3.90721114 -1.9083797 ],[-1.70655313  1.09360062 -0.73463998],[ 1.26661642 -1.35871077  4.4936715 ],[-1.76488777  3.93228585  5.03781831],[0.41750662 0.63148058 0.38932414 0.08986743],[-3.14159265  3.02708173  1.21805501  0.        ],[False False False],[False False False],[False False False],[False False False],[0. 0. 0.],[-1.70655313  1.09360062 -0.73463998],[3.1416631  3.65217815 0.65957818],[ 5.30716979 -4.67290263  5.6086665 ],9.025475616487624,0.4137542217116327
7,0,[-3.65491744  2.974878   -3.0448453 ],[-1.7847262   1.06422765 -0.7857093 ],[ 1.24183852 -1.44030085  4.59646071],[-1.73095282  3.9546      5.03070457],[0.3149888  0.36220546 0.58997583 0.24377678],[-3.14159265  3.02708173  1.21805501  0.        ],[False False False],[False False False],[False False False],[False False False],[0. 0. 0.],[-1.7847262   1.06422765 -0.7857093 ],[3.09901866 3.77021595 0.96209955],[ 5.25134859 -4.71604805  5.56728253],8.98957206852962,0.40256577864159643
8,0,[-2.41107109  0.45988837 -2.24738516],[-1.81205227  1.04204539 -0.79188284],[ 1.30757633 -1.4745046   4.67073939],[-1.69659139  3.97755439  5.0228175 ],[0.13883306 0.16465806 0.48667811 0.35660136],[-2.69013286  1.96508932 -0.27448678  0.36925244],[False False False],[False False False],[False False False],[False False False],[0. 0. 0.],[-1.81205227  1.04204539 -0.79188284],[3.04014923 3.91278121 1.07114984],[ 5.2951998  -4.71482116  5.46697567],8.953016390117584,0.3930510269693531
8,0,[-2.31859726  0.09825652 -0.98840281],[-1.82669543  1.03138564 -0.78719814],[ 1.39473284 -1.50450739  4.71527791],[-1.66194275  4.00096551  5.01415906],[0.07751665 0.17120743 0.36360846 0.46641133],[-2.69013286  1.96508932 -0.27448678  0.36925244],[False False False],[False False False],[False False False],[False False False],[0. 0. 0.],[-1.82669543  1.03138564 -0.78719814],[2.99271309 4.02614967 1.12980315],[ 5.33375868 -4.74539151  5.34102596],8.915956511182692,0.38577565268398684
8,0,[-3.17209279  1.05280385  0.24348451],[-1.86186228  1.02943511 -0.79959932],[ 1.43531741 -1.57718523  4.75091556],[-1.62705849  4.02477263  5.00473165],[0.0564825  0.17727474 0.23721983 0.39857648],[-2.69013286  1.96508932 -0.27448678  0.36925244],[False False False],[False False False],[False False False],[False False False],[0. 0. 0.],[-1.86186228  1.02943511 -0.79959932],[2.97327097 4.0748561  1.29385296],[ 5.28734176 -4.86135907  5.21900898],8.87844860141805,0.3792423980734302
8,0,[-4.12189366  1.88248995  0.88017322],[-1.92069655  1.03106186 -0.83018109],[ 1.4278266 -1.6987245  4.7627739],[-1.59203158  4.04884319  4.99455147],[0.05512392 0.1761341  0.13633117 0.216985  ],[-2.69013286  1.96508932 -0.27448678  0.36925244],[False False False],[False False False],[False False False],[False False False],[0. 0. 0.],[-1.92069655  1.03106186 -0.83018109],[2.94630356 4.05438493 1.57785522],[ 5.16865844 -5.04995656  5.0930398 ],8.840596461331486,0.3745633346175562
9,0,[-4.88164995  2.14458104  0.86121982],[-1.99161635  1.03151601 -0.8670936 ],[ 1.40354413 -1.85393478  4.74971563],[-1.55694771  4.07304614  4.98363692],[0.12192529 0.28464701 0.10401859 0.10561437],[-2.85650253  2.60830379  0.16610587  0.        ],[False False False],[False False False],[False False False],[False False False],[0. 0. 0.],[-1.99161635  1.03151601 -0.8670936 ],[2.88339671 3.99177301 1.92836214],[ 5.03044444 -5.27065246  4.93951391],8.802496588897476,0.37116345726324684
9,0,[-5.55703841  2.475632    0.4280349 ],[-2.06949678  1.02680375 -0.90555875],[ 1.37212649 -2.03251363  4.72967418],[-1.52180586  4.09739075  4.9719821 ],[0.14400538 0.33828687 0.13157775 0.07212018],[-2.85650253  2.60830379  0.16610587  0.        ],[False False False],[False False False],[False False False],[False False False],[0. 0. 0.],[-2.06949678  1.02680375 -0.90555875],[2.78096726 3.90408412 2.32551261],[ 4.89777047 -5.49507978  4.75670191],8.76414687578171,0.3672368197992947
9,0,[-6.3191036   2.80336517 -0.09435167],[-2.15260061  1.01531559 -0.94317402],[ 1.33523164 -2.23440765  4.70035122],[-1.48658763  4.12192069  4.95957155],[0.13387491 0.34526045 0.19353717 0.05912312],[-2.85650253  2.60830379  0.16610587  0.        ],[False False False],[False False False],[False False False],[False False False],[0. 0. 0.],[-2.15260061  1.01531559 -0.94317402],[2.62639284 3.7842199  2.76594703],[ 4.77904351 -5.71591278  4.54134951],8.725524124945945,0.3627037816313029
9,0,[-7.35242341  2.87363732 -0.47549703],[-2.23926587  0.99861422 -0.97595188],[ 1.30095835 -2.46831801  4.64847188],[-1.45128732  4.14666162  4.94639136],[0.10051064 0.3390107  0.25011531 0.05508857],[-2.85650253  2.60830379  0.16610587  0.        ],[False False False],[False False False],[False False False],[False False False],[0. 0. 0.],[-2.23926587  0.99861422 -0.97595188],[2.40637378 3.61560552 3.24501759],[ 4.68139329 -5.94070833  4.27198953],8.686619203667794,0.3578434063800595
10,0,[-7.98479181  2.31735622 -0.30098329],[-2.3270279   0.98173269 -1.00107547],[ 1.28026233 -2.73783389  4.59615705],[-1.41585815  4.17174813  4.93238245],[0.24446044 0.49544516 0.75140892 0.3741681 ],[-2.78776836  3.06649899 -0.40624279  0.        ],[False False False],[False False False],[False False False],[False False False],[0. 0. 0.],[-2.3270279   0.98173269 -1.00107547],[2.1570191  3.39595652 3.75156149],[ 4.60528114 -6.17538698  3.92847267],8.647364697517224,0.349913955144348
10,0,[-5.90700302 -0.21211752  1.91208525],[-2.39760227  0.98676134 -1.01936927],[ 1.30114948 -2.9813079   4.66180564],[-1.38001776  4.19797954  4.91719858],[0.27353444 0.62307287 0.95343521 0.5036446 ],[-2.78776836  3.06649899 -0.40624279  0.        ],[False False False],[False False False],[False False False],[False False False],[0. 0. 0.],[-2.39760227  0.98676134 -1.01936927],[2.11299549 3.22688208 4.17565571],[ 4.51354928 -6.40777049  3.55735852],8.60734857132478,0.33154931144271016
10,0,[-1.52215156 -1.27549457  4.13721811],[-2.44326581  1.01740499 -1.04874851],[ 1.33487636 -3.09759565  4.86713163],[-1.34362857  4.22598708  4.90051549],[0.40024542 0.79981959 0.69177436 0.59750017],[-2.78776836  3.06649899 -0.40624279  0.        ],[False False False],[False False False],[False False False],[False False False],[0. 0. 0.],[-2.44326581  1.01740499 -1.04874851],[2.37968381 3.18054087 4.39172275],[ 4.33682243 -6.59657852  3.32550066],8.566319608731325,0.3078347867201071
10,0,[1.37058892 2.29190818 2.67839678],[-2.48062667  1.02703846 -1.10222326],[ 1.26921409 -3.06278956  5.20073082],[-1.3067359   4.25588618  4.8822685 ],[0.70628059 0.86738393 0.36151642 0.69383094],[-2.78776836  3.06649899 -0.40624279  0.        ],[False False False],[False False False],[False False False],[False False False],[0. 0. 0.],[-2.48062667  1.02703846 -1.10222326],[2.7403291  3.19044909 4.51118792],[ 4.1082813  -6.66037307  3.38014503],8.52431376341756,0.28324084606294253
11,0,[-0.03372466  5.6523524  -1.75765405],[-2.51353836  0.98987743 -1.14555643],[ 1.10935871 -3.00822171  5.57794673],[-1.26930781  4.28783908  4.86238366],[0.89817686 0.77366471 0.14781562 0.4404351 ],[-2.8768661   1.93569708  1.6212368   0.65271449],[False False False],[False False False],[False False False],[False False False],[0. 0. 0.],[-2.51353836  0.98987743 -1.14555643],[2.90791568 3.18295381 4.77560423],[ 3.97304809 -6.60657906  3.53558153],8.481293219194129,0.2566216947410166
11,0,[-2.99394088  2.86919495 -6.48911522],[-2.50589849  0.93660732 -1.11317182],[ 1.12930608 -3.03674261  5.81829023],[-1.23138868  4.32154464  4.84094233],[0.75123033 0.43663827 0.38319374 0.37189258],[-2.8768661   1.93569708  1.6212368   0.65271449],[False False False],[False False False],[False False False],[False False False],[0. 0. 0.],[-2.50589849  0.93660732 -1.11317182],[2.77709945 3.32411763 5.05841871],[ 4.15396496 -6.4595736   3.49393286],8.437362312224503,0.23404475254717483
11,0,[-4.75988553  0.03095104 -8.14497877],[-2.476993    0.89342995 -1.0278786 ],[ 1.38680047 -3.15027531  5.90393864],[-1.19312321  4.35645532  4.81814432],[0.27998018 0.35468577 0.69521314 0.62401184],[-2.8768661   1.93569708  1.6212368   0.65271449],[False False False],[False False False],[False False False],[False False False],[0. 0. 0.],[-2.476993    0.89342995 -1.0278786 ],[2.46095694 3.57622106 5.27809391],[ 4.56365897 -6.26923299  3.21063932],8.39276297056822,0.21659717943866752
11,0,[-4.95150685  0.45389935 -6.56025294],[-2.46256358  0.85511151 -0.95627755],[ 1.63447037 -3.27150814  6.01665032],[-1.15452994  4.39264327  4.79390758],[0.12784505 0.44278326 0.84575726 0.85907155],[-2.8768661   1.93569708  1.6212368   0.65271449],[False False False],[False False False],[False False False],[False False False],[0. 0. 0.],[-2.46256358  0.85511151 -0.95627755],[2.16826239 3.76419224 5.54110413],[ 4.91615119 -6.08312198  2.91683428],8.34750488844901,0.19590952284183882
12,0,[-4.85038371  1.44773063 -2.93804901],[-2.4834179   0.82636994 -0.92934318],[ 1.73218816 -3.43801307  6.18248595],[-1.11556672  4.43053518  4.76795599],[0.07542303 0.32030507 0.79896977 0.71807848],[-1.555493    3.14159265 -2.18475842  0.45849523],[False False False],[False False False],[False False False],[False False False],[0. 0. 0.],[-2.4834179   0.82636994 -0.92934318],[1.97841292 3.73829194 5.92913129],[ 5.06309307 -6.01039716  2.67482595],8.30147452895841,0.17169002352774343
12,0,[-4.30715192  0.76072375  0.81028409],[-2.52617597  0.81953004 -0.93657193],[ 1.73947707 -3.640526    6.28722831],[-1.07636697  4.46977666  4.74046147],[0.05824791 0.27791998 0.6305236  0.50897106],[-1.555493    3.14159265 -2.18475842  0.45849523],[False False False],[False False False],[False False False],[False False False],[0. 0. 0.],[-2.52617597  0.81953004 -0.93657193],[1.88966199 3.53227401 6.30560606],[ 5.0276596  -6.07617029  2.43844337],8.254890223749928,0.15294946692051692
12,0,[-3.93062882  0.38969111  2.61949513],[-2.57952567  0.82789932 -0.96376874],[ 1.7040541  -3.85436872  6.30935677],[-1.03706093  4.50981677  4.7117409 ],[0.06868804 0.34162431 0.2983654  0.21111509],[-1.555493    3.14159265 -2.18475842  0.45849523],[False False False],[False False False],[False False False],[False False False],[0. 0. 0.],[-2.57952567  0.82789932 -0.96376874],[1.84799733 3.22252127 6.61575422],[ 4.88242512 -6.22160166  2.1965948 ],8.208010166337367,0.14126459577422223
12,0,[-3.59009167  1.08614605  2.15137451],[-2.63269173  0.83172552 -0.99420018],[ 1.64201856 -4.05143461  6.29617156],[-0.99772749  4.55021701  4.68207454],[0.21312988 0.45009937 0.15628854 0.10948617],[-1.555493    3.14159265 -2.18475842  0.45849523],[False False False],[False False False],[False False False],[False False False],[0. 0. 0.],[-2.63269173  0.83172552 -0.99420018],[1.76264185 2.8850107  6.87909373],[ 4.73000257 -6.34724647  1.98539669],8.161020897976883,0.13350066140116768
13,0,[-2.89473268  2.38875729  0.71270341],[-2.67606599  0.82114238 -1.01799109],[ 1.5572283  -4.20296247  6.32460371],[-0.95837583  4.59098513  4.65144952],[0.28548516 0.53694119 0.08672188 0.07425424],[-1.44093704  2.02119136 -0.08732679  0.        ],[False False False],[False False False],[False False False],[False False False],[0. 0. 0.],[-2.67606599  0.82114238 -1.01799109],[1.63470592 2.59060537 7.12088238],[ 4.62492916 -6.40593862  1.84662532],8.113941359926509,0.12481959837127776
13,0,[-1.96337938  3.58272706 -0.89544172],[-2.70263723  0.79388073 -1.02991149],[ 1.4556763  -4.28533529  6.4075903 ],[-0.91900852  4.63219182  4.61980352],[0.27757613 0.43166564 0.10582146 0.05991869],[-1.44093704  2.02119136 -0.08732679  0.        ],[False False False],[False False False],[False False False],[False False False],[0. 0. 0.],[-2.70263723  0.79388073 -1.02991149],[1.46813171 2.38190143 7.32880893],[ 4.58963653 -6.38270447  1.80806531],8.066770105958648,0.11552370683682056
13,0,[-1.51614333  3.46350253 -1.78779539],[-2.71585082  0.76099292 -1.03010975],[ 1.37822087 -4.32517849  6.49179663],[-0.87963455  4.67373146  4.58720271],[0.19409279 0.22840218 0.11778498 0.05331352],[-1.44093704  2.02119136 -0.08732679  0.        ],[False False False],[False False False],[False False False],[False False False],[0. 0. 0.],[-2.71585082  0.76099292 -1.03010975],[1.27798134 2.24834043 7.48744377],[ 4.61022535 -6.30772373  1.80877468],8.01955250134027,0.10785048597171265
13,0,[-1.46622605  2.70414757 -2.12066486],[-2.72271824  0.73198779 -1.02219438],[ 1.35118034 -4.35611321  6.55252225],[-0.8402604   4.71545267  4.55375793],[0.11036033 0.11126342 0.13528707 0.10468614],[-1.44093704  2.02119136 -0.08732679  0.        ],[False False False],[False False False],[False False False],[False False False],[0. 0. 0.],[-2.72271824  0.73198779 -1.02219438],[1.09044961 2.16231713 7.60738212],[ 4.663044   -6.21392922  1.78923176],7.972342562803039,0.10164570236280934
14,0,[-1.62073753  2.23650496 -2.16879836],[-2.72797363  0.70698008 -1.01052095],[ 1.35724268 -4.39102393  6.60181663],[-0.80088762  4.75731207  4.51949931],[0.10584199 0.07233331 0.16657294 0.24908341],[-1.41360569  3.14159265 -1.24149418  0.        ],[False False False],[False False False],[False False False],[False False False],[0. 0. 0.],[-2.72797363  0.70698008 -1.01052095],[0.91158167 2.09294455 7.71335099],[ 4.72934337 -6.11521648  1.74518155],7.92516371852425,0.09559225754098433
14,0,[-2.12193158  2.2303911  -1.95032748],[-2.73774689  0.68339588 -0.99997428],[ 1.36168902 -4.45204765  6.64193022],[-0.76151526  4.79934414  4.48438861],[0.06829452 0.06222737 0.16559398 0.29441678],[-1.41360569  3.14159265 -1.24149418  0.        ],[False False False],[False False False],[False False False],[False False False],[0. 0. 0.],[-2.73774689  0.68339588 -0.99997428],[0.71845403 1.97755824 7.83346983],[ 4.7884151  -6.02672738  1.67714099],7.878017769057807,0.08888864915391659
14,0,[-2.80361401  2.41959564 -1.60288868],[-2.75543558  0.65967295 -0.99311311],[ 1.34371925 -4.5540464   6.66170477],[-0.72214369  4.84156466  4.44840352],[0.05696277 0.08492754 0.17160406 0.28070224],[-1.41360569  3.14159265 -1.24149418  0.        ],[False False False],[False False False],[False False False],[False False False],[0. 0. 0.],[-2.75543558  0.65967295 -0.99311311],[0.48821722 1.77158592 7.97159694],[ 4.82910759 -5.95732817  1.5852984 ],7.830913740595699,0.08193380140438578
14,0,[-3.4938505   2.4741239  -1.28900252],[-2.78093023  0.63630064 -0.98936235],[ 1.30733782 -4.69999678  6.65285675],[-0.68277448  4.88396776  4.41154181],[0.0510427  0.11177924 0.17640043 0.22557291],[-1.41360569  3.14159265 -1.24149418  0.        ],[False False False],[False False False],[False False False],[False False False],[0. 0. 0.],[-2.78093023  0.63630064 -0.98936235],[0.21675855 1.46944297 8.11500819],[ 4.85353479 -5.90639321  1.46503348],7.783868176687859,0.07501754650744363
15,0,[-4.08537458  2.31035845 -0.97281221],[-2.81266859  0.61473228 -0.98725008],[ 1.26654622 -4.88520443  6.61607393],[-0.64341     4.92654661  4.37380061],[0.04948116 0.17161598 0.28874831 0.24303476],[-2.61675072  3.14159265 -0.81124777  0.        ],[False False False],[False False False],[False False False],[False False False],[0. 0. 0.],[-2.81266859  0.61473228 -0.98725008],[-0.0847681   1.08832638  8.24925184],[ 4.86775751 -5.86900151  1.31124392],7.7368987661766235,0.06788344622147358
15,0,[-4.50448935  2.01033565 -0.48369693],[-2.84971651  0.59667685 -0.98784199],[ 1.22344582 -5.10119736  6.56229565],[-0.60405531  4.96934948  4.33511131],[0.05146591 0.22053869 0.32358195 0.25331088],[-2.61675072  3.14159265 -0.81124777  0.        ],[False False False],[False False False],[False False False],[False False False],[0. 0. 0.],[-2.84971651  0.59667685 -0.98784199],[-0.39260523  0.6482563   8.36710125],[ 4.86575869 -5.84757016  1.12541967],7.690009998324116,0.05986454444980349
15,0,[-4.87967809e+00  1.81753935e+00 -3.00316544e-03],[-2.89182139  0.58154149 -0.99180562],[ 1.17188034 -5.34368775  6.48685059],[-0.56471929  5.01240197  4.29542529],[0.04912876 0.27922092 0.30251106 0.20928296],[-2.61675072  3.14159265 -0.81124777  0.        ],[False False False],[False False False],[False False False],[False False False],[0. 0. 0.],[-2.89182139  0.58154149 -0.99180562],[-0.71001658  0.15145647  8.45461237],[ 4.8450317  -5.84050272  0.91267032],7.6432173395878875,0.05142747538104531
15,0,[-5.20426666  1.89080975  0.1970065 ],[-2.93755865  0.56677233 -0.99754544],[ 1.10844332 -5.60570287  6.38643064],[-0.52541218  5.0556957   4.25473402],[0.05107093 0.30925444 0.27527579 0.16786073],[-2.61675072  3.14159265 -0.81124777  0.        ],[False False False],[False False False],[False False False],[False False False],[0. 0. 0.],[-2.93755865  0.56677233 -0.99754544],[-1.05141875 -0.39589657  8.49569491],[ 4.81505941 -5.83557902  0.6846731 ],7.596549010479397,0.043034145778661825
16,0,[-5.5054336   2.08807998  0.19361288],[-2.98582055  0.55040986 -1.00309702],[ 1.03395795 -5.88339592  6.26064383],[-0.48614555  5.09921673  4.21303635],[0.05045276 0.34773966 0.27587126 0.14812931],[-2.07330322  3.14159265  0.12258857  0.        ],[False False False],[False False False],[False False False],[False False False],[0. 0. 0.],[-2.98582055  0.55040986 -1.00309702],[-1.42720699 -0.98846408  8.47732839],[ 4.78650897 -5.82159013  0.4488651 ],7.550037058956044,0.03467302324018462
16,0,[-5.80227057  2.32906803  0.09406913],[-3.03559226  0.53167074 -1.00711777],[ 0.95126639 -6.17234895  6.11165348],[-0.44693395  5.14296403  4.17031207],[0.04923404 0.34535685 0.29004669 0.12545602],[-2.07330322  3.14159265  0.12258857  0.        ],[False False False],[False False False],[False False False],[False False False],[0. 0. 0.],[-3.03559226  0.53167074 -1.00711777],[-1.8368975  -1.61529639  8.38878613],[ 4.76623614 -5.79173673  0.21091342],7.503712798544978,0.026185903075452543
16,0,[-6.12357108  2.40466848  0.00839713],[-3.0870792   0.51181217 -1.0092391 ],[ 0.86878877 -6.47313313  5.93287363],[-0.4077908   5.18692938  4.12655073],[0.05032762 0.36332539 0.31758042 0.11986883],[-2.07330322  3.14159265  0.12258857  0.        ],[False False False],[False False False],[False False False],[False False False],[0. 0. 0.],[-3.0870792   0.51181217 -1.0092391 ],[-2.2746212  -2.26718844  8.21834478],[ 4.75543782 -5.7446056  -0.03553278],7.457609866038735,0.017643859107076
16,0,[-6.46740206  2.40528355 -0.0583463 ],[-3.1403353   0.49172307 -1.00946584],[ 0.79135417 -6.78392214  5.72310902],[-0.36873324  5.23111315  4.08172591],[0.05000709 0.36752869 0.3341964  0.1176597 ],[-2.07330322  3.14159265  0.12258857  0.        ],[False False False],[False False False],[False False False],[False False False],[0. 0. 0.],[-3.1403353   0.49172307 -1.00946584],[-2.73169513 -2.9312458   7.95911161],[ 4.75381302 -5.67890317 -0.29249046],7.411762958735562,0.01
17,0,[-6.82991695  2.13648444  0.01850831],[ 3.08692986  0.47292144 -1.00863515],[ 0.72292199 -7.10531139  5.47595089],[-0.32977877  5.27551162  4.03581636],[0.05063649 0.34807127 0.40291635 0.10954737],[-1.79910839  3.14159265  0.2084564   0.        ],[False False False],[False False False],[False False False],[False False False],[0. 0. 0.],[ 3.08692986  0.47292144 -1.00863515],[-3.2007897  -3.59637697  7.6036256 ],[ 4.75685097 -5.59566089 -0.56744503],7.366209726113659,0.01
17,0,[-7.22425451  1.56926115  0.2663203 ],[ 3.02722692  0.45865626 -1.00922601],[ 0.66835771 -7.43517579  5.18692675],[-0.29094989  5.3201253   3.98878992],[0.0501107  0.36931613 0.41932287 0.11872636],[-1.79910839  3.14159265  0.2084564   0.        ],[False False False],[False False False],[False False False],[False False False],[0. 0. 0.],[ 3.02722692  0.45865626 -1.00922601],[-3.66550762 -4.23815482  7.15785218],[ 4.75160957 -5.50037368 -0.8746517 ],7.320991716429537,0.01
17,0,[-7.70410509  1.18916125  0.49762234],[ 2.96295834  0.44766981 -1.01160354],[ 0.61912589 -7.77263469  4.84945593],[-0.25227097  5.36495086  3.94062155],[0.04959607 0.40748957 0.42409574 0.12694819],[-1.79910839  3.14159265  0.2084564   0.        ],[False False False],[False False False],[False False False],[False False False],[0. 0. 0.],[ 2.96295834  0.44766981 -1.01160354],[-4.13638582 -4.85011028  6.60917032],[ 4.73694239 -5.38861639 -1.21104462],7.276155503916814,0.01
17,0,[-8.38849476  1.20610565  0.55854773],[ 2.89346186  0.43719956 -1.01439148],[ 0.56724625 -8.11732468  4.45073746],[-0.2137699   5.40998407  3.89128917],[0.04983853 0.45717552 0.38854084 0.1240746 ],[-1.79910839  3.14159265  0.2084564   0.        ],[False False False],[False False False],[False False False],[False False False],[0. 0. 0.],[ 2.89346186  0.43719956 -1.01439148],[-4.63150661 -5.42699258  5.92610245],[ 4.72051818 -5.24950618 -1.56768963],7.231753442607138,0.01
18,0,[-9.3471975   1.78455411  0.2922252 ],[ 2.81793192  0.42337702 -1.01346845],[ 0.51309594 -8.46997427  3.96850716],[-0.17547539  5.45521609  3.84078201],[0.07175046 0.50728178 0.42757939 0.10565824],[-1.5743047   2.22697544  0.56496006  0.        ],[False False False],[False False False],[False False False],[False False False],[0. 0. 0.],[ 2.81793192  0.42337702 -1.01346845],[-5.17055085 -5.95989584  5.04953723],[ 4.72363798 -5.06200493 -1.93091461],7.187842570361104,0.01
18,0,[-10.48037428   2.31705695  -0.0233901 ],[ 2.73557507  0.40618884 -1.00684972],[ 0.46751383 -8.82272068  3.39171756],[-0.13744968  5.50064712  3.78903524],[0.05682779 0.54523257 0.49905752 0.07126257],[-1.5743047   2.22697544  0.56496006  0.        ],[False False False],[False False False],[False False False],[False False False],[0. 0. 0.],[ 2.73557507  0.40618884 -1.00684972],[-5.73928668 -6.40274097  3.95325357],[ 4.75571351 -4.81222926 -2.29554931],7.144501949065277,0.01
18,0,[-11.76640121   2.21599019  -0.0730694 ],[ 2.6438222   0.38919081 -0.99699029],[ 0.43808399 -9.16239267  2.70436686],[-0.09978794  5.54626846  3.7359534 ],[0.05052053 0.56338106 0.6039023  0.06453133],[-1.5743047   2.22697544  0.56496006  0.        ],[False False False],[False False False],[False False False],[False False False],[0. 0. 0.],[ 2.6438222   0.38919081 -0.99699029],[-6.31337453 -6.67867937  2.64414469],[ 4.80335845 -4.49576778 -2.67430578],7.101837208782309,0.01
18,0,[-13.61976864   1.40809309   0.23594342],[ 2.53670738  0.37696047 -0.9904969 ],[ 0.41500044 -9.47194916  1.86697391],[-0.06262244  5.59205014  3.68142354],[0.05036324 0.63394121 0.67213642 0.07990252],[-1.5743047   2.22697544  0.56496006  0.        ],[False False False],[False False False],[False False False],[False False False],[0. 0. 0.],[ 2.53670738  0.37696047 -0.9904969 ],[-6.8895322  -6.67920495  1.13938806],[ 4.83353438 -4.10738667 -3.09995648],7.0599865487491895,0.01
19,0,[-16.17238622   0.0635379    0.92647233],[ 2.40679261  0.3696754  -0.99190496],[ 0.37287005 -9.71977069  0.83563348],[-0.02616723  5.63792612  3.62528976],[0.15904881 0.67815748 0.8697422  0.20704187],[-3.14159265  2.0482223   0.26876223  0.28610033],[False False False],[False False False],[False False False],[False False False],[0. 0. 0.],[ 2.40679261  0.3696754  -0.99190496],[-7.47477662 -6.25661781 -0.54194617],[ 4.82514004 -3.62048872 -3.58868219],7.019156279635205,0.01
19,0,[-20.37677196  -2.403422     2.25047017],[ 2.23833785  0.36809101 -1.01569132],[ 0.23348201 -9.84098053 -0.47630015],[0.00916594 5.68375956 3.5672788 ],[0.13418001 0.80420876 0.94201938 0.21381131],[-3.14159265  2.0482223   0.26876223  0.28610033],[False False False],[False False False],[False False False],[False False False],[0. 0. 0.],[ 2.23833785  0.36809101 -1.01569132],[-8.08930046 -5.13711327 -2.30207708],[ 4.7093881  -2.99297268 -4.1928701 ],6.97971213169617,0.01
19,0,[-29.55078322  -3.78786492   2.68761346],[ 2.00114512  0.36481767 -1.05619682],[-0.01167117 -9.63522224 -2.36600185],[0.04294788 5.72934458 3.5073074 ],[0.07903786 0.93042551 0.89501662 0.17573605],[-3.14159265  2.0482223   0.26876223  0.28610033],[False False False],[False False False],[False False False],[False False False],[0. 0. 0.],[ 2.00114512  0.36481767 -1.05619682],[-8.67415486 -2.69164264 -3.99370829],[ 4.51221327 -2.00066101 -4.88156002],6.942070392426647,0.01
19,0,[-58.87505236  -3.92439658   2.00955632],[ 1.57647432  0.35478222 -1.09480947],[-0.29050676 -8.08189362 -5.78078352],[0.07487794 5.77446576 3.44562296],[0.06133837 0.97638857 0.874622   0.14501961],[-3.14159265  2.0482223   0.26876223  0.28610033],[False False False],[False False False],[False False False],[False False False],[0. 0. 0.],[ 1.57647432  0.35478222 -1.09480947],[-8.61948362  2.94901539 -3.97827439],[ 4.32282708  0.137316   -5.38472204],6.906585347624485,0.01
20,0,[-141.32282017    2.610825     35.51678402],[ 0.59923036  0.23980605 -1.00350495],[-0.70413061  0.32531245 -9.84586033],[0.10479116 5.81884531 3.38283878],[0.05054409 0.97420964 0.92573316 0.15541915],[-3.14159265 -0.64335966  2.08777618  0.8       ],[False False False],[False False False],[False False False],[False False False],[0. 0. 0.],[ 0.59923036  0.23980605 -1.00350495],[-1.70449037  5.82768635  7.78944017],[ 4.77958004  3.99226894 -2.90908148],6.873525424374413,0.01
20,0,[-157.87131582   11.0214343    70.39300837],[-0.59067139  0.32501185 -0.43642054],[ 3.21320065  8.84687002 -2.24266416],[0.13310822 5.86209219 3.32037263],[0.45876661 1.00080451 0.73939226 0.08530317],[-3.14159265 -0.64335966  2.08777618  0.8       ],[False False False],[False False False],[False False False],[False False False],[0. 0. 0.],[-0.59067139  0.32501185 -0.43642054],[ 0.06807614 -9.11804641 -3.23695927],[6.57814203 0.84293295 1.68519838],6.842688224408074,0.01
20,0,[-157.87131582   11.0214343    70.39300837],[-1.87274842  0.86697155 -0.31632686],[6.63893013 1.49894148 6.75801167],[0.16163509 5.90509051 3.25931088],[0.70407479 1.04511329 0.78214295 0.06018834],[-3.14159265 -0.64335966  2.08777618  0.8       ],[False False False],[False False False],[False False False],[False False False],[0. 0. 0.],[-1.87274842  0.86697155 -0.31632686],[ 1.37073288  9.4665091  -0.70656743],[ 5.1968289  -4.37317449 -0.52981855],6.812664197763093,0.01
20,0,[-157.87131582   11.0214343    70.39300837],[ 2.34629376  0.91599616 -1.20784271],[ 3.47234136 -9.08195121  1.53737676],[0.19109129 5.95019997 3.19831266],[0.75410246 0.98067272 0.80713108 0.05231499],[-3.14159265 -0.64335966  2.08777618  0.8       ],[False False False],[False False False],[False False False],[False False False],[0. 0. 0.],[ 2.34629376  0.91599616 -1.20784271],[-4.70196991 -6.1603445   6.06993856],[ 3.06335654 -2.38721807 -5.56110915],6.782985950856666,0.01
21,0,[-157.87131582   11.0214343    70.39300837],[ 1.01363429  0.36606527 -1.17656082],[-0.99094343 -4.44838089 -8.95191917],[0.21933378 5.99733668 3.13549291],[0.73959145 1.00443314 0.73332368 0.05318503],[-1.62032723 -1.98582149  2.81720614  0.7321043 ],[False False False],[False False False],[False False False],[False False False],[0. 0. 0.],[ 1.01363429  0.36606527 -1.17656082],[-6.68390296  7.34973828  1.48785302],[ 3.92663881  3.23671527 -4.44315367],6.755474274225891,0.01
21,0,[-157.87131582   11.0214343    70.39300837],[-0.17430605  0.21826244 -0.62159137],[ 0.89763038  7.51793206 -6.36178142],[0.24520541 6.04406439 3.07210153],[0.75452481 1.0158332  0.72031765 0.05109807],[-1.62032723 -1.98582149  2.81720614  0.7321043 ],[False False False],[False False False],[False False False],[False False False],[0. 0. 0.],[-0.17430605  0.21826244 -0.62159137],[ 2.18409124 -7.74802224  5.74414505],[6.19700233 2.49449899 0.82525441],6.731003490384906,0.01
21,0,[-157.87131582   11.0214343    70.39300837],[-1.36594914  0.66342536 -0.25810068],[5.75001947 5.97589514 4.97503148],[0.27047949 6.08983404 3.01033142],[0.74111959 1.01218818 0.74144408 0.05305287],[-1.62032723 -1.98582149  2.81720614  0.7321043 ],[False False False],[False False False],[False False False],[False False False],[0. 0. 0.],[-1.36594914  0.66342536 -0.25810068],[-0.11480985  4.79634784 -8.39683577],[ 5.79385343 -3.2638111   0.88132024],6.708049334188233,0.01
21,0,[-157.87131582   11.0214343    70.39300837],[ 3.06856112  1.03274547 -0.89969182],[ 4.99883523 -6.46668423  5.43785693],[0.29679488 6.13689482 2.94947765],[0.74796063 1.00720884 0.75885688 0.04950956],[-1.62032723 -1.98582149  2.81720614  0.7321043 ],[False False False],[False False False],[False False False],[False False False],[0. 0. 0.],[ 3.06856112  1.03274547 -0.89969182],[ 0.4812674  -0.82168954  9.77086764],[ 3.40517083 -3.77882803 -4.33819531],6.685407109289085,0.01
22,0,[-157.87131582   11.0214343    70.39300837],[ 1.43033465  0.54820318 -1.28826666],[-0.25299295 -8.24580404 -5.83460168],[0.32281507 6.18638196 2.88721229],[0.74397952 1.01486295 0.77284612 0.05040304],[ 0.57057768 -0.72971588  2.88555455  0.8       ],[False False False],[False False False],[False False False],[False False False],[0. 0. 0.],[ 1.43033465  0.54820318 -1.28826666],[-9.7390037   1.23649721 -2.39222657],[ 3.24870058  1.85347066 -5.51584541],6.664379904063778,0.01
22,0,[-157.87131582   11.0214343    70.39300837],[ 0.24867668  0.19368304 -0.83238738],[-1.03290405  3.90028992 -9.2290108 ],[0.34645704 6.23628353 2.82362337],[0.73661631 1.00149831 0.80278928 0.05071516],[ 0.57057768 -0.72971588  2.88555455  0.8       ],[False False False],[False False False],[False False False],[False False False],[0. 0. 0.],[ 0.24867668  0.19368304 -0.83238738],[1.7364015  0.59436617 9.90380893],[ 5.56225112  3.59709433 -0.54718483],6.646588322843497,0.01
22,0,[-157.87131582   11.0214343    70.39300837],[-0.93422997  0.46284343 -0.32244654],[3.92395151 8.89276007 1.3299737 ],[0.36858848 6.28497525 2.76109815],[0.75197707 0.9666561  0.7721161  0.04838087],[ 0.57057768 -0.72971588  2.88555455  0.8       ],[False False False],[False False False],[False False False],[False False False],[0. 0. 0.],[-0.93422997  0.46284343 -0.32244654],[-0.21480578 -4.47147739 -8.72967099],[ 6.18713298 -1.64630876  1.72629721],6.631066968688306,0.01
22,0,[-157.87131582   11.0214343    70.39300837],[-2.41617244  0.99679329 -0.51000702],[ 5.86849527 -2.01360395  7.60208184],[0.39149197 6.33405999 2.70015245],[0.77328419 0.99152821 0.80145978 0.05033031],[ 0.57057768 -0.72971588  2.88555455  0.8       ],[False False False],[False False False],[False False False],[False False False],[0. 0. 0.],[-2.41617244  0.99679329 -0.51000702],[3.0688962  6.96840511 6.18940161],[ 3.97668045 -4.52791832 -2.73055359],6.616037679591246,0.01
23,0,[-157.87131582   11.0214343    70.39300837],[ 1.88576435  0.75550599 -1.30600888],[ 1.23319829 -9.97479685 -1.30550168],[0.41488331 6.38567834 2.63851156],[0.75836995 1.0125192  0.75594169 0.05119829],[ 0.38367635 -0.85952115  2.82936215  0.8       ],[False False False],[False False False],[False False False],[False False False],[0. 0. 0.],[ 1.88576435  0.75550599 -1.30600888],[-8.13789704 -6.02301097  0.46867422],[ 2.8380475   0.09352392 -5.96029218],6.602146867275299,0.01
23,0,[-157.87131582   11.0214343    70.39300837],[ 0.66941022  0.25604674 -1.03575903],[-2.12412335 -1.01885255 -9.98558453],[0.43641413 6.4387058  2.57506526],[0.80166085 0.980579   0.76792204 0.05090742],[ 0.38367635 -0.85952115  2.82936215  0.8       ],[False False False],[False False False],[False False False],[False False False],[0. 0. 0.],[ 0.66941022  0.25604674 -1.03575903],[-2.32909918  7.8670482   6.16008997],[ 4.77274497  3.98629545 -2.18542474],6.591337286330281,0.01
23,0,[-157.87131582   11.0214343    70.39300837],[-0.52122984  0.30201016 -0.46447856],[ 1.54173212  9.39220419 -3.16112492],[0.45577723 6.49076075 2.51183716],[0.780621   1.00024296 0.74199485 0.05025679],[ 0.38367635 -0.85952115  2.82936215  0.8       ],[False False False],[False False False],[False False False],[False False False],[0. 0. 0.],[-0.52122984  0.30201016 -0.46447856],[ 1.76062695 -9.80280806 -1.1782593 ],[6.3044049  0.20266398 1.8854318 ],6.583422123833667,0.01
23,0,[-157.87131582   11.0214343    70.39300837],[-1.77862984  0.83465933 -0.29501787],[5.73889254 3.1125961  7.43500668],[0.47522483 6.54233953 2.45040009],[0.74914511 1.03032441 0.74968876 0.05136977],[ 0.38367635 -0.85952115  2.82936215  0.8       ],[False False False],[False False False],[False False False],[False False False],[0. 0. 0.],[-1.77862984  0.83465933 -0.29501787],[ 2.43070166  9.16883334 -2.81543086],[ 4.66794038 -4.5225569  -1.00322874],6.576447081916242,0.01
24,0,[-157.87131582   11.0214343    70.39300837],[ 2.45386371  0.94352998 -1.17107287],[ 3.01800056 -9.04791959  3.45329624],[0.49565312 6.59589146 2.38918866],[0.74088091 0.9808804  0.74444758 0.05161516],[ 0.75491029 -0.64732164  2.86046433  0.8       ],[False False False],[False False False],[False False False],[False False False],[0. 0. 0.],[ 2.45386371  0.94352998 -1.17107287],[-2.78533444 -6.74637207  7.04462967],[ 2.74669821 -1.74969382 -5.70626939],6.5701818716555325,0.01
24,0,[-157.87131582   11.0214343    70.39300837],[ 1.08290938  0.39351129 -1.20035064],[-2.09541772 -5.91828142 -8.28037306],[0.51507703 6.65151079 2.32622424],[0.7235789  0.95998533 0.74784414 0.05171356],[ 0.75491029 -0.64732164  2.86046433  0.8       ],[False False False],[False False False],[False False False],[False False False],[0. 0. 0.],[ 1.08290938  0.39351129 -1.20035064],[-7.56951122  7.06361646 -0.8883866 ],[ 3.94680343  3.60389447 -3.81496124],6.5665243437789655,0.01
24,0,[-157.87131582   11.0214343    70.39300837],[-0.1035094   0.20804399 -0.65609171],[-0.81309417  7.24813739 -7.25430233],[0.5322515  6.70688309 2.2625467 ],[0.73870444 0.94410619 0.72253641 0.0521615 ],[ 0.75491029 -0.64732164  2.86046433  0.8       ],[False False False],[False False False],[False False False],[False False False],[0. 0. 0.],[-0.1035094   0.20804399 -0.65609171],[ 3.45823814 -6.06070124  7.55843961],[6.11511012 1.98183534 1.33809056],6.566028438706595,0.01
24,0,[-157.87131582   11.0214343    70.39300837],[-1.2901724   0.62832625 -0.26195289],[4.55407031 7.52313158 4.92315415],[0.54873882 6.76128473 2.20025564],[0.6958758  0.95355078 0.72448898 0.0508913 ],[ 0.75491029 -0.64732164  2.86046433  0.8       ],[False False False],[False False False],[False False False],[False False False],[0. 0. 0.],[-1.2901724   0.62832625 -0.26195289],[ 0.91132907  2.87199431 -9.61746536],[ 5.35513756 -3.75852699  0.56708832],6.567009410456589,0.01
25,0,[-157.87131582   11.0214343    70.39300837],[-3.07785481  1.03836028 -0.83148526],[ 4.5578474  -5.6516082   7.16889969],[0.56616306 6.81674177 2.13884439],[0.70959713 0.95741514 0.71306008 0.04945008],[1.18333256 0.29120708 2.46515226 0.34782234],[False False False],[False False False],[False False False],[False False False],[0. 0. 0.],[-3.07785481  1.03836028 -0.83148526],[2.49763749 0.19040414 9.89107295],[ 2.98200918 -3.37413012 -4.78213128],6.5685548149152,0.01
25,0,[-157.87131582   11.0214343    70.39300837],[ 1.50269357  0.58225668 -1.29897585],[-0.99055259 -9.44370354 -4.4862777 ],[0.58345067 6.87445423 2.07617418],[0.70162009 1.00373635 0.70635623 0.05099342],[1.18333256 0.29120708 2.46515226 0.34782234],[False False False],[False False False],[False False False],[False False False],[0. 0. 0.],[ 1.50269357  0.58225668 -1.29897585],[-9.84292526 -0.8691755  -3.55707394],[ 3.20844428  2.49968979 -5.16236475],6.572105712600392,0.01
25,0,[-157.87131582   11.0214343    70.39300837],[ 0.31983603  0.19821423 -0.86801023],[-2.59249146  2.90686401 -9.78244823],[0.59860519 6.93271288 2.01212702],[0.74001273 0.99967102 0.7031765  0.05197513],[1.18333256 0.29120708 2.46515226 0.34782234],[False False False],[False False False],[False False False],[False False False],[0. 0. 0.],[ 0.31983603  0.19821423 -0.86801023],[1.89112494 3.35086619 9.8011482 ],[5.63212462 3.39648421 0.16259515],6.579009800366208,0.01
25,0,[-157.87131582   11.0214343    70.39300837],[-0.86448161  0.43219848 -0.34173373],[2.47001601 9.96919183 0.66768452],[0.61226083 6.98985341 1.94893364],[0.7191837  0.97423767 0.73577486 0.04949542],[1.18333256 0.29120708 2.46515226 0.34782234],[False False False],[False False False],[False False False],[False False False],[0. 0. 0.],[-0.86448161  0.43219848 -0.34173373],[ 1.20015792 -6.49522703 -7.89323851],[ 5.91378633 -2.33884559  1.72025999],6.588046888823093,0.01
26,0,[-157.87131582   11.0214343    70.39300837],[-2.29504978  0.97601024 -0.45842512],[ 5.27360399 -0.60683349  8.79074865],[0.62655803 7.04718639 1.88727105],[0.73513345 0.95638605 0.74264794 0.0486965 ],[1.34793508 0.66492826 2.39702749 0.14294353],[False False False],[False False False],[False False False],[False False False],[0. 0. 0.],[-2.29504978  0.97601024 -0.45842512],[4.48075615 7.975468   4.66595567],[ 3.50691238 -4.50067514 -3.3127287 ],6.59762704038439,0.01
26,0,[-157.87131582   11.0214343    70.39300837],[ 1.97075856  0.79002246 -1.29612885],[  0.78541887 -10.53283182   0.47900846],[0.64140089 7.10675506 1.82504823],[0.71500629 0.97519723 0.72898449 0.04803261],[1.34793508 0.66492826 2.39702749 0.14294353],[False False False],[False False False],[False False False],[False False False],[0. 0. 0.],[ 1.97075856  0.79002246 -1.29612885],[-6.94509305 -7.90127606  1.05943247],[ 2.67604883  0.82817347 -5.98559891],6.608668773011801,0.01
26,0,[-157.87131582   11.0214343    70.39300837],[ 0.73934097  0.27443639 -1.06690251],[-3.37924715 -2.45049353 -9.89940744],[0.65463552 7.16773442 1.76108017],[0.75024681 0.97254034 0.70401054 0.05045547],[1.34793508 0.66492826 2.39702749 0.14294353],[False False False],[False False False],[False False False],[False False False],[0. 0. 0.],[ 0.73934097  0.27443639 -1.06690251],[-3.17782507  9.38760388  4.14690471],[ 4.91388785  4.1900133  -1.47008475],6.622964170003522,0.01
26,0,[-157.87131582   11.0214343    70.39300837],[-0.45160256  0.28091849 -0.4939453 ],[-0.05364794  9.71681045 -4.13614002],[0.66578804 7.22790133 1.69712927],[0.72700773 1.00103203 0.72100983 0.0507292 ],[1.34793508 0.66492826 2.39702749 0.14294353],[False False False],[False False False],[False False False],[False False False],[0. 0. 0.],[-0.45160256  0.28091849 -0.4939453 ],[ 3.32487945 -9.97215684  1.0140031 ],[ 6.23335902 -0.46801719  2.23963706],6.64001347229844,0.01
27,0,[-157.87131582   11.0214343    70.39300837],[-1.6887678   0.80119364 -0.27889609],[4.876638   4.74833149 7.88094212],[0.67692287 7.28749872 1.63484646],[0.73433432 0.95626967 0.7210049  0.04931251],[1.35019863 0.78993547 2.43230176 0.29166862],[False False False],[False False False],[False False False],[False False False],[0. 0. 0.],[-1.6887678   0.80119364 -0.27889609],[ 3.30731296  8.552446   -4.93506305],[ 4.24127837 -4.90375793 -1.51389116],6.6578638033388735,0.01
27,0,[-157.87131582   11.0214343    70.39300837],[ 2.56721576  0.96847308 -1.12791936],[ 2.70346645 -8.81154909  5.32066924],[0.68899185 7.34880429 1.57285001],[0.73749457 1.01195935 0.73667269 0.05022105],[1.35019863 0.78993547 2.43230176 0.29166862],[False False False],[False False False],[False False False],[False False False],[0. 0. 0.],[ 2.56721576  0.96847308 -1.12791936],[-0.78265398 -6.84030148  8.11537909],[ 2.4486883  -1.15767269 -6.10255424],6.676634533710693,0.01
27,0,[-157.87131582   11.0214343    70.39300837],[ 1.15229898  0.42242192 -1.2222916 ],[-3.00456852 -7.40363225 -7.47010966],[0.70017479 7.41230155 1.50910933],[0.72459776 1.0264698  0.72144538 0.0513504 ],[1.35019863 0.78993547 2.43230176 0.29166862],[False False False],[False False False],[False False False],[False False False],[0. 0. 0.],[ 1.15229898  0.42242192 -1.2222916 ],[-8.47356961  6.17829649 -3.10982496],[ 4.06222463  4.1781108  -3.30304677],6.698387623768188,0.01
27,0,[-157.87131582   11.0214343    70.39300837],[-0.03252753  0.20023978 -0.69117889],[-2.4334485   6.73649683 -8.17294145],[0.70901005 7.47567309 1.44452218],[0.70446392 1.00233502 0.7466504  0.05248043],[1.35019863 0.78993547 2.43230176 0.29166862],[False False False],[False False False],[False False False],[False False False],[0. 0. 0.],[-0.03252753  0.20023978 -0.69117889],[ 4.42021376 -3.93771473  9.11345961],[6.23153224 1.55742965 1.98668595],6.723429354887728,0.01
28,0,[-157.87131582   11.0214343    70.39300837],[-1.21606591  0.59355588 -0.2689061 ],[3.33950764 8.98535546 4.61879017],[0.7169902  7.53796614 1.38135039],[0.72464931 1.0247068  0.76297901 0.05028927],[1.49109721 0.89250809 2.31126499 0.40572283],[False False False],[False False False],[False False False],[False False False],[0. 0. 0.],[-1.21606591  0.59355588 -0.2689061 ],[  1.8934128    0.70996759 -10.44667798],[ 5.06420433 -4.45075225  0.32199046],6.749743616468149,0.01
28,0,[-157.87131582   11.0214343    70.39300837],[-2.93990505  1.0391568  -0.7620381 ],[ 4.14048281 -4.65478234  8.74900275],[0.72598988 7.60125826 1.31933838],[0.70734765 1.00266892 0.72761612 0.04997746],[1.49109721 0.89250809 2.31126499 0.40572283],[False False False],[False False False],[False False False],[False False False],[0. 0. 0.],[-2.93990505  1.0391568  -0.7620381 ],[4.3938041  1.46210237 9.69084041],[ 2.58823977 -3.12479713 -5.42752588],6.776531520796939,0.01
28,0,[-157.87131582   11.0214343    70.39300837],[ 1.57632117  0.61687889 -1.30689286],[ -1.60940885 -10.53127005  -3.0178631 ],[0.73497848 7.66693362 1.25613664],[0.71024211 1.00018207 0.71012805 0.05158577],[1.49109721 0.89250809 2.31126499 0.40572283],[False False False],[False False False],[False False False],[False False False],[0. 0. 0.],[ 1.57632117  0.61687889 -1.30689286],[-9.69620029 -3.20055535 -4.28316341],[ 3.215308    3.28887333 -5.01612512],6.805615664425379,0.01
28,0,[-157.87131582   11.0214343    70.39300837],[ 0.39086956  0.20521631 -0.90325585],[ -4.07100156   1.75016683 -10.234828  ],[0.74189946 7.73335296 1.19143183],[0.73291223 1.02051561 0.73239037 0.05139299],[1.49109721 0.89250809 2.31126499 0.40572283],[False False False],[False False False],[False False False],[False False False],[0. 0. 0.],[ 0.39086956  0.20521631 -0.90325585],[1.72730224 6.07422353 9.19282749],[5.87195549 3.37717886 0.93554303],6.838160508592899,0.01
29,0,[-157.87131582   11.0214343    70.39300837],[-0.79502698  0.40283685 -0.36304092],[ 0.97303078 10.87625617 -0.14300347],[0.74720767 7.79864889 1.12750134],[0.72969833 1.00698597 0.74702188 0.0509905 ],[1.30519497 0.64730388 2.25209212 0.28325662],[False False False],[False False False],[False False False],[False False False],[0. 0. 0.],[-0.79502698  0.40283685 -0.36304092],[ 2.66032916 -8.2821009  -6.60224512],[ 5.82512644 -3.1391306   1.85637865],6.872581803582848,0.01
29,0,[-157.87131582   11.0214343    70.39300837],[-2.17976959  0.9520172  -0.41316607],[4.62708822 0.90604611 9.79277028],[0.75308121 7.86397257 1.06520863],[0.70638589 0.97602045 0.73073204 0.05190341],[1.30519497 0.64730388 2.25209212 0.28325662],[False False False],[False False False],[False False False],[False False False],[0. 0. 0.],[-2.17976959  0.9520172  -0.41316607],[5.73001496 8.78489952 2.84985678],[ 3.10204009 -4.6975492  -4.00268277],6.907321515371615,0.01
29,0,[-157.87131582   11.0214343    70.39300837],[ 2.05933632  0.82379625 -1.28161607],[  0.38365356 -10.92425397   2.32750591],[0.75958756 7.9314791  1.00247027],[0.73265306 1.01021802 0.75629252 0.05115388],[1.30519497 0.64730388 2.25209212 0.28325662],[False False False],[False False False],[False False False],[False False False],[0. 0. 0.],[ 2.05933632  0.82379625 -1.28161607],[-5.48076255 -9.5407167   1.95953195],[ 2.53158735  1.59761731 -6.26520961],6.943642205667113,0.01
29,0,[-157.87131582   11.0214343    70.39300837],[ 0.80903845  0.29487784 -1.09680418],[-4.57846231 -3.95938285 -9.66022761],[0.7645638  8.00061094 0.93790106],[0.73110897 0.97427928 0.77536553 0.05103357],[1.30519497 0.64730388 2.25209212 0.28325662],[False False False],[False False False],[False False False],[False False False],[0. 0. 0.],[ 0.80903845  0.29487784 -1.09680418],[-4.17870059 10.44625871  1.83661849],[ 5.18005254  4.61511574 -0.79732446],6.98340632447862,0.01
30,0,[-157.87131582   11.0214343    70.39300837],[-0.38175085  0.26184487 -0.52469577],[-1.7096331   9.83619995 -5.15438993],[0.76734569 8.06898818 0.87325131],[0.73944078 1.04302889 0.74546006 0.05305048],[1.07120252 0.23589498 2.61975074 0.67601782],[False False False],[False False False],[False False False],[False False False],[0. 0. 0.],[-0.38175085  0.26184487 -0.52469577],[ 4.85441631 -9.57807401  3.30704565],[ 6.3638264  -1.1273562   2.75529617],7.025729534820851,0.01
30,0,[-157.87131582   11.0214343    70.39300837],[-1.60265287  0.76688918 -0.26754156],[3.88431208 6.38257284 8.14244608],[0.77000938 8.13664215 0.81047405],[0.73171718 1.01137226 0.7571255  0.05215988],[1.07120252 0.23589498 2.61975074 0.67601782],[False False False],[False False False],[False False False],[False False False],[0. 0. 0.],[-1.60265287  0.76688918 -0.26754156],[ 4.16753321  7.51683122 -6.94647104],[ 3.92900234 -5.51733303 -2.02112051],7.068447587371786,0.01
30,0,[-157.87131582   11.0214343    70.39300837],[ 2.68644     0.99036073 -1.07838335],[ 2.32903711 -8.37891713  7.16212171],[0.77372217 8.20596107 0.74824068],[0.72644945 1.04179776 0.76167342 0.05159974],[1.07120252 0.23589498 2.61975074 0.67601782],[False False False],[False False False],[False False False],[False False False],[0. 0. 0.],[ 2.68644     0.99036073 -1.07838335],[ 1.33632713 -6.56001729  9.06129442],[ 2.16542249 -0.65258402 -6.74278913],7.111970593587526,0.01
30,0,[-157.87131582   11.0214343    70.39300837],[ 1.22193432  0.45266151 -1.242256  ],[-3.88452218 -8.81009795 -6.47147251],[0.77669656 8.27761645 0.68428355],[0.73872852 1.02122391 0.76346419 0.05178421],[1.07120252 0.23589498 2.61975074 0.67601782],[False False False],[False False False],[False False False],[False False False],[0. 0. 0.],[ 1.22193432  0.45266151 -1.242256  ],[-9.20225686  4.78542554 -5.19667837],[ 4.25361533  4.9486884  -2.94327388],7.158604714129061,0.01
31,0,[-157.87131582   11.0214343    70.39300837],[ 0.03859606  0.19489472 -0.72669575],[-4.07247751  6.05733398 -8.97543267],[0.77726778 8.34927278 0.61935139],[0.75665283 1.00091991 0.72298531 0.05255523],[ 0.73722887 -0.37377143  2.89905643  0.8       ],[False False False],[False False False],[False False False],[False False False],[0. 0. 0.],[ 0.03859606  0.19489472 -0.72669575],[ 5.19615281 -1.42737451 10.23705805],[6.54087149 1.25971371 2.75522723],7.208408669306097,0.01
31,0,[-157.87131582   11.0214343    70.39300837],[-1.14332154  0.55929688 -0.27872306],[ 2.01236668 10.34073537  4.19756599],[0.77683224 8.41978561 0.55578312],[0.75855483 0.95985125 0.69670597 0.05040825],[ 0.73722887 -0.37377143  2.89905643  0.8       ],[False False False],[False False False],[False False False],[False False False],[0. 0. 0.],[-1.14332154  0.55929688 -0.27872306],[  2.99880407  -1.55282034 -10.82570602],[ 4.93694403 -5.31878431  0.17758963],7.259092291829049,0.01
31,0,[-157.87131582   11.0214343    70.39300837],[-2.80255648  1.03510982 -0.69322261],[ 3.65985449 -3.48406519 10.23206694],[0.77733453 8.49106971 0.49340437],[0.73638234 1.00803177 0.73853195 0.05250173],[ 0.73722887 -0.37377143  2.89905643  0.8       ],[False False False],[False False False],[False False False],[False False False],[0. 0. 0.],[-2.80255648  1.03510982 -0.69322261],[6.22539684 2.85703166 9.12744451],[ 2.23362731 -3.06285885 -6.25032157],7.310042067267358,0.01
31,0,[-157.87131582   11.0214343    70.39300837],[ 1.65151404  0.6518911  -1.31178995],[ -2.17932272 -11.47419471  -1.39877127],[0.77794328 8.56476788 0.42991686],[0.73864161 0.96604741 0.73257409 0.04901526],[ 0.73722887 -0.37377143  2.89905643  0.8       ],[False False False],[False False False],[False False False],[False False False],[0. 0. 0.],[ 1.65151404  0.6518911  -1.31178995],[-9.22194408 -5.66814714 -4.60336923],[ 3.25765121  4.19101172 -5.10310889],7.363327441138782,0.01
32,0,[-157.87131582   11.0214343    70.39300837],[ 0.4617312   0.21464885 -0.93796566],[ -5.51672207   0.45202462 -10.52311766],[0.77655806 8.63938774 0.36482527],[0.72361288 0.96552116 0.73886399 0.04946357],[ 0.6313563  -0.49401182  3.00770545  0.8       ],[False False False],[False False False],[False False False],[False False False],[0. 0. 0.],[ 0.4617312   0.21464885 -0.93796566],[1.30253543 8.66792146 8.03399607],[6.271694   3.5632703  1.73930592],7.419988269891041,0.01
32,0,[-157.87131582   11.0214343    70.39300837],[-0.72572744  0.37489591 -0.38623817],[-0.59876375 11.62101568 -1.04674821],[0.77350494 8.7129479  0.30034139],[0.74055436 0.94601473 0.73643319 0.05227047],[ 0.6313563  -0.49401182  3.00770545  0.8       ],[False False False],[False False False],[False False False],[False False False],[0. 0. 0.],[-0.72572744  0.37489591 -0.38623817],[ 4.20649776 -9.72876074 -4.91515985],[ 5.93387702 -4.01093359  2.15034161],7.478131703687047,0.01
32,0,[-157.87131582   11.0214343    70.39300837],[-2.07032782  0.92528284 -0.37431708],[ 3.90589364  2.52152755 10.64384964],[0.77091138 8.78638707 0.2374363 ],[0.77280959 0.99141019 0.7550342  0.04938282],[ 0.6313563  -0.49401182  3.00770545  0.8       ],[False False False],[False False False],[False False False],[False False False],[0. 0. 0.],[-2.07032782  0.92528284 -0.37431708],[6.86975994 9.33193798 0.79181649],[ 2.77982206 -5.13334837 -4.76621106],7.536275206960555,0.01
32,0,[-157.87131582   11.0214343    70.39300837],[ 2.15200252  0.8565235  -1.26205474],[ 3.24955126e-03 -1.11481829e+01  4.24605191e+00],[0.76908477 8.86206437 0.17422754],[0.79818537 1.00902798 0.75385134 0.04879337],[ 0.6313563  -0.49401182  3.00770545  0.8       ],[False False False],[False False False],[False False False],[False False False],[0. 0. 0.],[ 2.15200252  0.8565235  -1.26205474],[ -3.74997654 -10.89076865   3.1048    ],[ 2.40160418  2.36179507 -6.80826757],7.595938773801613,0.01
33,0,[-157.87131582   11.0214343    70.39300837],[ 0.87853554  0.31726555 -1.1253377 ],[-5.73047945 -5.52634027 -9.24862571],[0.76579161 8.93959696 0.10910524],[0.75590226 0.98885475 0.72578602 0.0478366 ],[ 0.61871594 -0.58570027  3.10813212  0.8       ],[False False False],[False False False],[False False False],[False False False],[0. 0. 0.],[ 0.87853554  0.31726555 -1.1253377 ],[-5.27756634 10.98015562 -0.7066718 ],[ 5.55810523  5.26563103 -0.20610348],7.659104546895162,0.01
33,0,[-157.87131582   11.0214343    70.39300837],[-0.31165343  0.24488933 -0.55660045],[-3.39651356  9.80557725 -6.19683   ],[0.76028821 9.01653896 0.04369695],[0.76600911 0.95595313 0.74557086 0.04977124],[ 0.61871594 -0.58570027  3.10813212  0.8       ],[False False False],[False False False],[False False False],[False False False],[0. 0. 0.],[-0.31165343  0.24488933 -0.55660045],[ 6.32112912 -8.65944979  5.58064582],[ 6.70092705 -1.73479137  3.42877129],7.724532154228229,0.01
33,0,[-24.64002498 -16.15018598   1.05812444],[-0.97430699  0.41023492 -0.26991101],[-1.60845689  2.36173078  4.15799621],[0.75729667 9.07520021 0.01574305],[0.72167691 1.0213665  0.75030843 0.05109195],[ 0.61871594 -0.58570027  3.10813212  0.8       ],[False False False],[False False False],[False False False],[False False False],[0. 0. 0.],[-0.97430699  0.41023492 -0.26991101],[ 3.65740117  1.39752851 -3.18184995],[ 5.55734192 -5.41452037  0.37699558],7.768088935830201,0.39548202853717684
33,0,[-18.86016927 -14.21275056  -2.91184523],[-1.09934349  0.3300263  -0.16381239],[-1.01634203  1.6278411   4.86663144],[0.75811163 9.11756464 0.02442071],[0.44074025 0.69912908 0.30686265 0.68885276],[ 0.61871594 -0.58570027  3.10813212  0.8       ],[False False False],[False False False],[False False False],[False False False],[0. 0. 0.],[-1.09934349  0.3300263  -0.16381239],[ 2.77688438  3.08143641 -3.1875668 ],[ 5.61340549 -5.25599209 -1.24244234],7.7897006979594074,0.37686598918215575
