rew_vec_envs,time/time_elapsed,time/fps,time/iterations,time/total_timesteps,train/entropy_loss,train/policy_gradient_loss,train/clip_fraction,train/clip_range,train/explained_variance,train/n_updates,train/loss,train/learning_rate,train/value_loss,train/approx_kl,train/std
18.625739246606827,39,827,1,32768,,,,,,,,,,,
23.222554057836533,68,956,2,65536,-5.6273641884326935,-0.005923680800333386,0.1056915283203125,0.2,0.009099841117858887,10,21.645118713378906,0.001,31.341765040159224,0.0093271285,0.9846522212028503
42.802694380283356,96,1021,3,98304,-5.59755248427391,-0.004819560866599204,0.070233154296875,0.2,0.12666308879852295,20,4.265357971191406,0.001,31.843784785270692,0.008535317,0.9773222804069519
37.730464220047,124,1050,4,131072,-5.5571458518505095,-0.0064054370639496485,0.080712890625,0.2,0.24162054061889648,30,2.8696348667144775,0.001,30.973786148428918,0.007699052,0.9647171497344971
46.855774104595184,153,1070,5,163840,-5.52670504450798,-0.006554876462905668,0.09197998046875,0.2,0.2677713632583618,40,38.81523513793945,0.001,52.10293226242065,0.009146246,0.9617444276809692
53.06959044933319,182,1079,6,196608,-5.495912793278694,-0.00657881515508052,0.06904296875,0.2,0.41305941343307495,50,34.916500091552734,0.001,35.11756162643432,0.008679882,0.9511524438858032
58.195247173309326,212,1081,7,229376,-5.460052850842476,-0.008177732329932042,0.078070068359375,0.2,0.6236016750335693,60,5.754681587219238,0.001,19.746037936210634,0.0074176015,0.9460929036140442
64.27073526382446,242,1079,8,262144,-5.444747081398964,-0.006608629848778946,0.084710693359375,0.2,0.46181195974349976,70,25.917583465576172,0.001,54.15092190504074,0.0073177265,0.9430644512176514
99.92810368537903,273,1076,9,294912,-5.4290032386779785,-0.005790994060225785,0.0633453369140625,0.2,0.5078079998493195,80,40.5958137512207,0.001,68.47829210758209,0.0068540946,0.9391307830810547
141.4093725681305,307,1066,10,327680,-5.415253230929375,-0.005828472430584953,0.073126220703125,0.2,0.4402884840965271,90,42.929039001464844,0.001,88.68739129304886,0.007378567,0.9366081953048706
91.62237405776978,341,1056,11,360448,-5.400753909349442,-0.00492700425820658,0.0721038818359375,0.2,0.3955497145652771,100,42.955841064453125,0.001,153.25630447864532,0.007573987,0.9319896697998047
120.2734899520874,374,1049,12,393216,-5.383905056118965,-0.005181380469002761,0.0701385498046875,0.2,0.43661755323410034,110,58.16852569580078,0.001,168.6672956943512,0.0076287687,0.9290552735328674
117.74781370162964,409,1041,13,425984,-5.370841771364212,-0.005360893601027783,0.0722900390625,0.2,0.475649893283844,120,54.8751106262207,0.001,248.98061323165894,0.0074857343,0.9259443879127502
153.84282875061035,445,1029,14,458752,-5.3552626192569734,-0.005608996994851623,0.07744140625,0.2,0.5431531965732574,130,101.65702056884766,0.001,224.6985095024109,0.008314964,0.9218908548355103
174.41502571105957,479,1024,15,491520,-5.339941239356994,-0.003988858958473429,0.05936279296875,0.2,0.48848432302474976,140,150.71139526367188,0.001,417.12234258651733,0.007221724,0.9190609455108643
201.52379035949707,514,1019,16,524288,-5.327781867980957,-0.004555728050763719,0.054559326171875,0.2,0.46882200241088867,150,259.8066101074219,0.001,612.4314025878906,0.0072781886,0.9161984920501709
190.1697838306427,549,1013,17,557056,-5.3190516263246534,-0.004475129062484484,0.04317626953125,0.2,0.4769383668899536,160,223.43458557128906,0.001,580.7390611648559,0.0065984474,0.9153146743774414
207.1538383960724,584,1008,18,589824,-5.312538543343544,-0.004624661504203686,0.0536651611328125,0.2,0.4947928190231323,170,262.4341735839844,0.001,687.4316856384278,0.007262756,0.9129177331924438
310.8635494709015,621,1001,19,622592,-5.301375767588615,-0.005192767777043627,0.065277099609375,0.2,0.5125350952148438,180,352.08349609375,0.001,734.4592416763305,0.007260539,0.910386323928833
235.99333930015564,657,996,20,655360,-5.289937159419059,-0.00409104885184206,0.035968017578125,0.2,0.4715902805328369,190,304.83209228515625,0.001,916.4098155975341,0.0058626737,0.9079437255859375
282.70558643341064,695,989,21,688128,-5.28108582496643,-0.004201224011922022,0.04237060546875,0.2,0.4966377019882202,200,386.3709411621094,0.001,792.0849245071411,0.0068537155,0.9063082933425903
330.39246559143066,733,983,22,720896,-5.275952222943306,-0.004194341278343927,0.042730712890625,0.2,0.507201224565506,210,328.65386962890625,0.001,729.7179754257202,0.0060837893,0.9060075283050537
291.2431707382202,771,976,23,753664,-5.268086078763008,-0.0039236822522070725,0.0372039794921875,0.2,0.49058037996292114,220,359.94122314453125,0.001,771.3746128082275,0.0055631883,0.9025179743766785
302.12530422210693,810,970,24,786432,-5.251734945178032,-0.004274451559467707,0.0473297119140625,0.2,0.45181500911712646,230,348.935791015625,0.001,894.3471630096435,0.0064695235,0.8987331390380859
313.1658754348755,848,965,25,819200,-5.23483906686306,-0.004792263756098691,0.0462493896484375,0.2,0.455940842628479,240,317.9590148925781,0.001,818.3419178009033,0.0063079335,0.8952938318252563
359.9086971282959,886,960,26,851968,-5.21766006052494,-0.005055086591892177,0.0506317138671875,0.2,0.4930785298347473,250,311.389404296875,0.001,756.9970428466797,0.005942399,0.8909507989883423
394.3594994544983,926,954,27,884736,-5.204151022434234,-0.0044336549573927185,0.0419586181640625,0.2,0.4693056344985962,260,268.7829284667969,0.001,775.9399654388428,0.005670871,0.889725923538208
353.6579828262329,966,949,28,917504,-5.199722120165825,-0.0041713832251844,0.0383819580078125,0.2,0.4318498373031616,270,333.9541015625,0.001,833.7103652954102,0.005490017,0.888900637626648
455.8688488006592,1007,943,29,950272,-5.193042388558387,-0.0050443344902305395,0.04287109375,0.2,0.4957093596458435,280,257.8199462890625,0.001,653.3109178543091,0.0053131906,0.886638879776001
345.77537727355957,1046,939,30,983040,-5.185548630356789,-0.004143628400925081,0.0354156494140625,0.2,0.4296995997428894,290,311.865234375,0.001,830.8066236495972,0.0045121294,0.8855355978012085
313.8630871772766,1086,934,31,1015808,-5.176226970553398,-0.005173076101345942,0.046026611328125,0.2,0.47879910469055176,300,367.2437744140625,0.001,784.0837182998657,0.0055346536,0.8823860287666321
391.9653015136719,1127,929,32,1048576,-5.165474203228951,-0.004335436518886127,0.033489990234375,0.2,0.4765439033508301,310,254.2930145263672,0.001,736.1821619033814,0.004482976,0.8807499408721924
391.00651454925537,1169,924,33,1081344,-5.1544845521450045,-0.00420270117756445,0.031866455078125,0.2,0.4314764142036438,320,298.4150695800781,0.001,747.0892374038697,0.004457515,0.8778690099716187
400.2301502227783,1210,920,34,1114112,-5.141799879074097,-0.004181229969253764,0.0421295166015625,0.2,0.4173285961151123,330,289.5946044921875,0.001,795.7951791763305,0.0061057843,0.8754291534423828
479.91646575927734,1251,916,35,1146880,-5.1311848044395445,-0.0050602211762452495,0.0375518798828125,0.2,0.3628315329551697,340,246.4011993408203,0.001,706.0044292449951,0.0056549907,0.8734604120254517
412.039644241333,1295,910,36,1179648,-5.122326281666756,-0.004915663354040589,0.045379638671875,0.2,0.45353764295578003,350,282.4722595214844,0.001,705.962031173706,0.005533975,0.8713512420654297
476.9969439506531,1337,906,37,1212416,-5.110335174202919,-0.005292247969191521,0.047711181640625,0.2,0.4169641137123108,360,223.54800415039062,0.001,792.0962833404541,0.0050795325,0.8686327934265137
505.05108642578125,1379,902,38,1245184,-5.095430028438568,-0.005466522136703134,0.038031005859375,0.2,0.4299812316894531,370,265.5746765136719,0.001,816.043328666687,0.0052730124,0.865023672580719
351.58242416381836,1421,898,39,1277952,-5.084418991208077,-0.004922129743499681,0.0432220458984375,0.2,0.3663826584815979,380,315.5818176269531,0.001,836.3209779739379,0.0063940426,0.8634560108184814
456.14234161376953,1464,894,40,1310720,-5.068410870432854,-0.00569787217391422,0.048577880859375,0.2,0.4228852391242981,390,296.4921875,0.001,776.9980543136596,0.0066557806,0.8584939241409302
421.1000933647156,1506,891,41,1343488,-5.048754572868347,-0.004877387931628618,0.0487518310546875,0.2,0.4313454031944275,400,253.3838653564453,0.001,740.7148035049438,0.005808277,0.8550729751586914
445.65776443481445,1548,888,42,1376256,-5.033293971419335,-0.005756081969593652,0.048114013671875,0.2,0.35491329431533813,410,310.3013610839844,0.001,764.8056100845337,0.0058131497,0.8520761728286743
409.1538996696472,1590,886,43,1409024,-5.017881906032562,-0.004564125795150175,0.041302490234375,0.2,0.344146728515625,420,262.90802001953125,0.001,744.8579961776734,0.005310414,0.8481550216674805
459.98101568222046,1631,883,44,1441792,-4.996436342597008,-0.004647698771441356,0.0455596923828125,0.2,0.4582793712615967,430,250.2184295654297,0.001,667.5662717819214,0.005680999,0.843669056892395
432.759539604187,1674,880,45,1474560,-4.973458743095398,-0.005146722830249928,0.0551239013671875,0.2,0.4462742209434509,440,223.10423278808594,0.001,758.5264711380005,0.006257597,0.8387115001678467
357.0826253890991,1718,877,46,1507328,-4.947506022453308,-0.005161328906251583,0.0546661376953125,0.2,0.44190311431884766,450,303.855224609375,0.001,796.9762767791748,0.005580439,0.833181619644165
353.7746810913086,1759,875,47,1540096,-4.935633516311645,-0.005215081834467128,0.0428619384765625,0.2,0.4492509961128235,460,238.73439025878906,0.001,738.6863008499146,0.0048878486,0.8330613970756531
376.7967119216919,1801,873,48,1572864,-4.920562851428985,-0.005060760752530769,0.0470458984375,0.2,0.43622761964797974,470,264.0274353027344,0.001,721.7606266021728,0.0057357512,0.8272404074668884
456.16220903396606,1845,869,49,1605632,-4.895859947800636,-0.0052604801763664,0.0547882080078125,0.2,0.40785568952560425,480,207.17323303222656,0.001,807.1559516906739,0.0062021017,0.8233827948570251
419.0944023132324,1889,867,50,1638400,-4.866319894790649,-0.00603288751153741,0.0498443603515625,0.2,0.4315183758735657,490,252.94866943359375,0.001,711.1550941467285,0.0059679113,0.8154802322387695
373.0711717605591,1933,864,51,1671168,-4.842213052511215,-0.005407267999544274,0.047247314453125,0.2,0.4956902861595154,500,225.90003967285156,0.001,764.2112535476684,0.0053703724,0.8128591179847717
479.77938652038574,1977,861,52,1703936,-4.8217128068208694,-0.004583043405727949,0.051904296875,0.2,0.44374698400497437,510,297.71881103515625,0.001,716.3052127838134,0.006086533,0.8077988624572754
432.3152093887329,2022,858,53,1736704,-4.794659173488617,-0.006393591006053611,0.0631317138671875,0.2,0.47200483083724976,520,202.98239135742188,0.001,693.616568183899,0.006909008,0.8021846413612366
429.67571353912354,2065,856,54,1769472,-4.765595701336861,-0.0054074328727438115,0.050225830078125,0.2,0.498318612575531,530,227.92538452148438,0.001,703.4163787841796,0.005602032,0.7965453863143921
459.73605155944824,2110,853,55,1802240,-4.754210552573204,-0.005431127511837985,0.0486419677734375,0.2,0.5260630249977112,540,261.68902587890625,0.001,643.9294431686401,0.0053832177,0.7969760298728943
438.4081926345825,2156,851,56,1835008,-4.749256056547165,-0.00526519350532908,0.05006103515625,0.2,0.46641379594802856,550,196.38174438476562,0.001,755.1492469787597,0.0060638096,0.7942771911621094
364.05949544906616,2200,848,57,1867776,-4.7338905990123745,-0.004715697091887705,0.0409576416015625,0.2,0.44846969842910767,560,280.9080505371094,0.001,704.9437940597534,0.0050418675,0.7905599474906921
479.19187450408936,2245,846,58,1900544,-4.719020760059356,-0.005059140505909454,0.0476104736328125,0.2,0.5228160619735718,570,198.56619262695312,0.001,737.6342582702637,0.0058265124,0.7886362075805664
367.3235025405884,2291,843,59,1933312,-4.698663341999054,-0.005915704855578951,0.0494384765625,0.2,0.5307868123054504,580,230.01329040527344,0.001,664.9516607284546,0.0053500496,0.7837582230567932
502.0048494338989,2337,840,60,1966080,-4.680352640151978,-0.005015283366083168,0.05496826171875,0.2,0.5086236596107483,590,188.6973419189453,0.001,661.2605848312378,0.005996916,0.7807168960571289
422.8304114341736,2383,838,61,1998848,-4.665988367795944,-0.005074604312540032,0.0524444580078125,0.2,0.5026859939098358,600,238.958984375,0.001,729.981037902832,0.005417362,0.7777645587921143
412.95363330841064,2429,836,62,2031616,-4.641059479117393,-0.004757854156196117,0.0511749267578125,0.2,0.5554829239845276,610,138.625732421875,0.001,589.8640287399292,0.007022145,0.7725138068199158
354.3423047065735,2475,833,63,2064384,-4.618221971392631,-0.004997080199245829,0.04366455078125,0.2,0.5059859752655029,620,200.9537811279297,0.001,736.3932355880737,0.0056595397,0.7680127024650574
362.53428316116333,2523,831,64,2097152,-4.590505531430244,-0.005470254511601524,0.053692626953125,0.2,0.5571570098400116,630,212.69754028320312,0.001,641.544418144226,0.0066009364,0.7620692849159241
573.0550222396851,2570,828,65,2129920,-4.576476186513901,-0.005113400868140161,0.0431732177734375,0.2,0.49169784784317017,640,193.8334197998047,0.001,705.4139810562134,0.004913139,0.7620364427566528
472.3201446533203,2617,826,66,2162688,-4.561808151006699,-0.005559973306662869,0.0483917236328125,0.2,0.5363500118255615,650,185.51321411132812,0.001,671.7052919387818,0.005186242,0.7569576501846313
427.6655993461609,2665,823,67,2195456,-4.536727166175842,-0.0052489679277641695,0.053997802734375,0.2,0.572541207075119,660,168.21888732910156,0.001,606.1601825714112,0.005815678,0.7528406381607056
375.31100130081177,2711,821,68,2228224,-4.51604958474636,-0.0040748941799392925,0.0411529541015625,0.2,0.503067821264267,670,219.2896728515625,0.001,656.3984195709229,0.00496138,0.7485964298248291
460.2287406921387,2759,819,69,2260992,-4.497700417041779,-0.004771133343456313,0.0615692138671875,0.2,0.5034260749816895,680,195.33880615234375,0.001,639.7825567245484,0.006003849,0.7467432022094727
398.79027223587036,2805,817,70,2293760,-4.486430376768112,-0.005254892690572888,0.0457916259765625,0.2,0.4999158978462219,690,184.36972045898438,0.001,706.6662685394288,0.0055764415,0.744205117225647
365.1579418182373,2852,815,71,2326528,-4.473464825749398,-0.005025615230988478,0.05040283203125,0.2,0.5641508400440216,700,125.27942657470703,0.001,584.6359287261963,0.006575102,0.7416439056396484
437.1584346294403,2899,813,72,2359296,-4.449943590164184,-0.0046202437952160835,0.0417877197265625,0.2,0.5613038241863251,710,188.50697326660156,0.001,647.9594694137573,0.0051977155,0.7362245321273804
405.79213094711304,2946,811,73,2392064,-4.429848286509514,-0.004714757807960268,0.0525665283203125,0.2,0.4972379803657532,720,203.87924194335938,0.001,639.050332069397,0.0057797423,0.7339894771575928
493.98521184921265,2995,809,74,2424832,-4.417324370145797,-0.005593277415027842,0.04976806640625,0.2,0.5357096493244171,730,122.79951477050781,0.001,632.6948295593262,0.005022207,0.731101393699646
522.4855499267578,3044,807,75,2457600,-4.39552586376667,-0.005679226895881584,0.0644561767578125,0.2,0.4691470265388489,740,169.71487426757812,0.001,657.1323263168335,0.0066514984,0.726197361946106
471.02888345718384,3094,804,76,2490368,-4.366523340344429,-0.0049517621468112335,0.052557373046875,0.2,0.5714496672153473,750,199.4658966064453,0.001,625.035768699646,0.005754806,0.7203517556190491
409.0206050872803,3143,802,77,2523136,-4.3277805089950565,-0.0049031809772714045,0.06148681640625,0.2,0.5029319524765015,760,153.17449951171875,0.001,623.9726257324219,0.0072515826,0.712562084197998
434.69471287727356,3192,800,78,2555904,-4.303858977556229,-0.006114416441414505,0.06778564453125,0.2,0.5324132442474365,770,159.51979064941406,0.001,606.0151655197144,0.007665313,0.7099408507347107
402.586642742157,3242,798,79,2588672,-4.2809506297111515,-0.005261224166315514,0.0633575439453125,0.2,0.5754610300064087,780,121.55586242675781,0.001,503.2449806213379,0.006313846,0.7051563858985901
448.4015793800354,3294,795,80,2621440,-4.257308447360993,-0.00486236549768364,0.0631988525390625,0.2,0.49747055768966675,790,210.12759399414062,0.001,688.6358606338501,0.006491945,0.7019011378288269
418.5476608276367,3344,793,81,2654208,-4.224634462594986,-0.005032044650579337,0.067657470703125,0.2,0.5471039116382599,800,175.95729064941406,0.001,618.1521081924438,0.007147678,0.6950824856758118
485.64455366134644,3397,790,82,2686976,-4.190243247151375,-0.0052631688624387605,0.061590576171875,0.2,0.5258789360523224,810,171.2094268798828,0.001,627.537571144104,0.0064671207,0.6899939179420471
443.95920848846436,3449,788,83,2719744,-4.168365120887756,-0.005271080975944642,0.0592529296875,0.2,0.5338831841945648,820,138.62042236328125,0.001,676.7054933547973,0.0070089595,0.6864879131317139
400.5323438644409,3501,786,84,2752512,-4.141953009366989,-0.00542582889465848,0.0666046142578125,0.2,0.5665788650512695,830,119.9170150756836,0.001,566.6368505477906,0.007211639,0.6820579171180725
400.95284605026245,3553,783,85,2785280,-4.128762397170067,-0.005761465462273918,0.057135009765625,0.2,0.5879001617431641,840,134.4311065673828,0.001,541.5181574821472,0.006581784,0.6797436475753784
532.3257884979248,3603,782,86,2818048,-4.106551688909531,-0.005794900756154675,0.07412109375,0.2,0.5830782949924469,850,119.51141357421875,0.001,558.6910715103149,0.0070551694,0.6757368445396423
450.1463792324066,3655,779,87,2850816,-4.077859562635422,-0.005664427315059584,0.0669891357421875,0.2,0.5866842865943909,860,160.71397399902344,0.001,596.483890914917,0.007349091,0.6708654165267944
521.0542507171631,3707,777,88,2883584,-4.050340259075165,-0.005577508473652415,0.0711669921875,0.2,0.5840595364570618,870,198.178466796875,0.001,614.1201778411865,0.0066388147,0.6660480499267578
543.6890115737915,3760,775,89,2916352,-4.02173787355423,-0.005061446828040062,0.0607147216796875,0.2,0.6041366755962372,880,171.15538024902344,0.001,643.8767911911011,0.006061946,0.6614824533462524
516.6303548812866,3814,773,90,2949120,-4.002286942303181,-0.004485643990483368,0.0589385986328125,0.2,0.5426463186740875,890,211.8253631591797,0.001,628.9236036300659,0.006043981,0.6588677167892456
382.871524810791,3868,770,91,2981888,-3.9893744394183157,-0.005818427452322794,0.0669219970703125,0.2,0.5721915066242218,900,164.756103515625,0.001,544.8054775238037,0.006997199,0.6574424505233765
404.1053047180176,3921,768,92,3014656,-3.965126733481884,-0.005683651278377511,0.06668701171875,0.2,0.5439668297767639,910,193.10333251953125,0.001,586.2164605140686,0.0073266737,0.6515759825706482
497.00167512893677,3975,766,93,3047424,-3.937465451657772,-0.004984036470705178,0.0846160888671875,0.2,0.5994815528392792,920,151.55966186523438,0.001,592.0224306106568,0.008267894,0.6471186876296997
415.48768615722656,4031,764,94,3080192,-3.9102127730846403,-0.006047102159936912,0.0603546142578125,0.2,0.5755897760391235,930,163.2281494140625,0.001,559.1995126724244,0.0061145406,0.6422969102859497
437.3215923309326,4085,761,95,3112960,-3.877012725174427,-0.005349713176838122,0.0625701904296875,0.2,0.5541608333587646,940,167.98960876464844,0.001,632.4171297073365,0.006933567,0.6381098628044128
547.6803321838379,4139,759,96,3145728,-3.8534435883164404,-0.0056063075375277546,0.0641357421875,0.2,0.6267572343349457,950,128.43032836914062,0.001,560.1040760040283,0.006591433,0.6338967084884644
510.54506254196167,4195,757,97,3178496,-3.823682647943497,-0.00529657873121323,0.059088134765625,0.2,0.5549460053443909,960,181.11985778808594,0.001,717.3104694366455,0.006487027,0.629828929901123
455.62330293655396,4251,755,98,3211264,-3.7997001498937606,-0.004867385845864191,0.075311279296875,0.2,0.5316849648952484,970,164.3070068359375,0.001,666.1567538261413,0.008538254,0.6252861618995667
477.05686616897583,4307,753,99,3244032,-3.760055239498615,-0.004664953045721632,0.078363037109375,0.2,0.5589036345481873,980,127.74104309082031,0.001,544.7617473602295,0.008217193,0.6190600991249084
402.18808937072754,4362,751,100,3276800,-3.719875232875347,-0.005141042850300437,0.0693115234375,0.2,0.593301385641098,990,159.08804321289062,0.001,601.077912902832,0.008794947,0.6128394603729248
406.83910036087036,4418,749,101,3309568,-3.693393234908581,-0.004408280774805462,0.078265380859375,0.2,0.5790684819221497,1000,172.88121032714844,0.001,581.7830825805664,0.007821935,0.6100181937217712
477.7730927467346,4473,747,102,3342336,-3.6798567205667494,-0.004709618736524135,0.0761322021484375,0.2,0.5383860468864441,1010,177.58096313476562,0.001,580.524916934967,0.008192297,0.6076836585998535
525.9208211898804,4531,744,103,3375104,-3.665246020257473,-0.005371550266136183,0.07293701171875,0.2,0.5386358201503754,1020,135.74293518066406,0.001,620.1073741912842,0.006417843,0.6061090230941772
482.1923017501831,4589,742,104,3407872,-3.64567234069109,-0.0055366159678669645,0.0732513427734375,0.2,0.5442959368228912,1030,154.81854248046875,0.001,630.8517293930054,0.007673299,0.6028026342391968
411.3703656196594,4644,740,105,3440640,-3.6230206072330473,-0.005142797363805585,0.078643798828125,0.2,0.5567405223846436,1040,184.35491943359375,0.001,609.3038129806519,0.012084644,0.5996503829956055
400.88385915756226,4700,738,106,3473408,-3.605629713833332,-0.0018117628118488938,0.1291412353515625,0.2,0.6070496141910553,1050,127.72652435302734,0.001,518.2256794929505,0.013781233,0.5979728102684021
516.9513816833496,4759,736,107,3506176,-3.596047967672348,-0.004936500159965362,0.077850341796875,0.2,0.5888488292694092,1060,172.56558227539062,0.001,550.4310870170593,0.008625184,0.5963560938835144
470.2689628601074,4815,734,108,3538944,-3.5839295014739037,-0.005077836554846726,0.0813507080078125,0.2,0.5223261415958405,1070,178.447509765625,0.001,618.5528878211975,0.0076971934,0.5946508049964905
613.1291446685791,4874,732,109,3571712,-3.5794260829687117,-0.005014246988866944,0.06932373046875,0.2,0.5922815501689911,1080,138.66439819335938,0.001,538.0559741020203,0.0077775028,0.593798816204071
504.27616691589355,4932,730,110,3604480,-3.564599785208702,-0.005632663321739529,0.074542236328125,0.2,0.5185475647449493,1090,131.83389282226562,0.001,633.7007005691528,0.0063339635,0.5913642644882202
380.22443437576294,4990,728,111,3637248,-3.5449298501014708,-0.004976737072865944,0.0760528564453125,0.2,0.5224080085754395,1100,154.0979461669922,0.001,627.4429817199707,0.006118566,0.5880677700042725
611.915735244751,5048,726,112,3670016,-3.5211816862225533,-0.0060894845591974445,0.0856170654296875,0.2,0.5857142508029938,1110,133.63824462890625,0.001,546.6695673942565,0.008120546,0.5844398736953735
389.20721340179443,5105,725,113,3702784,-3.497339330613613,-0.0057853679893014485,0.07371826171875,0.2,0.5397882461547852,1120,231.79672241210938,0.001,670.5940988540649,0.0076699695,0.581050455570221
356.2827687263489,5164,723,114,3735552,-3.4725498884916304,-0.0050773967144777995,0.081085205078125,0.2,0.5914075374603271,1130,130.62060546875,0.001,550.1846633911133,0.0100654345,0.5773753523826599
549.298547744751,5224,721,115,3768320,-3.4419837012887,-0.005535917566885473,0.0750457763671875,0.2,0.5813629627227783,1140,144.64822387695312,0.001,541.2848279953002,0.0075665955,0.5723404884338379
539.8573341369629,5283,719,116,3801088,-3.4078626960515974,-0.005583558802027255,0.068597412109375,0.2,0.5914606750011444,1150,157.66905212402344,0.001,560.7639443397522,0.0071322713,0.5678154826164246
524.584041595459,5346,717,117,3833856,-3.3839964464306833,-0.0049959998585109135,0.089593505859375,0.2,0.5669389963150024,1160,143.0294189453125,0.001,561.8508769989014,0.010045231,0.5651895403862
524.7280731201172,5409,714,118,3866624,-3.3629263997077943,-0.0045202521039755085,0.0938812255859375,0.2,0.5392544567584991,1170,151.6374969482422,0.001,613.6831715583801,0.01109129,0.5621808171272278
561.304226398468,5471,712,119,3899392,-3.33569917678833,-0.00535483580752043,0.074200439453125,0.2,0.5411556959152222,1180,179.3997802734375,0.001,611.0739070892334,0.007549228,0.5579626560211182
490.6176128387451,5533,710,120,3932160,-3.3244285479187967,-0.005610042075568344,0.0930267333984375,0.2,0.5626856982707977,1190,151.07440185546875,0.001,556.2584818840027,0.008098838,0.5581144690513611
386.3318033218384,5595,708,121,3964928,-3.3051371693611147,-0.005908178861136548,0.0703460693359375,0.2,0.5593786537647247,1200,150.99436950683594,0.001,643.2345510482788,0.008105931,0.5532631278038025
468.40005588531494,5657,706,122,3997696,-3.2766848504543304,-0.005246096602058969,0.086468505859375,0.2,0.5525051951408386,1210,170.0465087890625,0.001,615.0264469146729,0.007217792,0.5504171252250671
478.82330989837646,5721,704,123,4030464,-3.2643512532114984,-0.0052150924617308195,0.0783843994140625,0.2,0.5125831663608551,1220,188.21588134765625,0.001,642.7682502746582,0.009399675,0.5484268665313721
426.7824602127075,5782,702,124,4063232,-3.2464671090245245,-0.005928464696626179,0.0836029052734375,0.2,0.5472550094127655,1230,158.843994140625,0.001,609.5711496353149,0.009048788,0.5458767414093018
430.086886882782,5845,700,125,4096000,-3.22670007199049,-0.0052972290257457645,0.0732666015625,0.2,0.5175704658031464,1240,139.75405883789062,0.001,596.8256150245667,0.006858056,0.5432589650154114
390.88937640190125,5907,698,126,4128768,-3.206914359331131,-0.00503183655673638,0.094482421875,0.2,0.477583646774292,1250,208.06881713867188,0.001,685.6995969772339,0.010315168,0.54060959815979
546.8343505859375,5971,696,127,4161536,-3.1903909519314766,-0.004506058439437766,0.106317138671875,0.2,0.5609622597694397,1260,125.34851837158203,0.001,575.9625066757202,0.011669378,0.539383053779602
456.0088758468628,6037,694,128,4194304,-3.1785569846630097,-0.0040175956302846315,0.0980804443359375,0.2,0.4848968982696533,1270,140.76564025878906,0.001,611.4145841598511,0.011689978,0.5373609066009521
498.26360511779785,6100,692,129,4227072,-3.1636074632406235,-0.004308921430492774,0.1059478759765625,0.2,0.584269791841507,1280,185.8553924560547,0.001,557.721563243866,0.008192284,0.5352047681808472
529.108678817749,6166,690,130,4259840,-3.1533270344138145,-0.00403800973581383,0.0923919677734375,0.2,0.5135162174701691,1290,120.1261978149414,0.001,612.3328003883362,0.008214326,0.5340571403503418
426.41036462783813,6230,689,131,4292608,-3.1332941964268683,-0.005255194647179451,0.0885162353515625,0.2,0.534882128238678,1300,95.07828521728516,0.001,558.5758769989013,0.0087703625,0.5306824445724487
488.23990774154663,6294,687,132,4325376,-3.119547486305237,-0.005028671630134341,0.09271240234375,0.2,0.6128025352954865,1310,125.05686950683594,0.001,517.2923194885254,0.008085524,0.5297876000404358
530.195613861084,6360,685,133,4358144,-3.101117642223835,-0.005372578982496634,0.0826904296875,0.2,0.573435366153717,1320,164.06520080566406,0.001,606.3839994430542,0.00887754,0.5261644124984741
510.6389217376709,6426,683,134,4390912,-3.068018837273121,-0.005125342322571669,0.0934967041015625,0.2,0.5885189175605774,1330,127.88251495361328,0.001,578.5734490394592,0.008760477,0.5216602087020874
554.5606279373169,6493,681,135,4423680,-3.030758035182953,-0.00520506678003585,0.099725341796875,0.2,0.5745028555393219,1340,120.37823486328125,0.001,569.1366335868836,0.010713074,0.5168058276176453
501.13059425354004,6560,679,136,4456448,-3.000205750763416,-0.004905159666668624,0.0882232666015625,0.2,0.5895052254199982,1350,163.36412048339844,0.001,597.1256798744201,0.009351144,0.5132813453674316
441.28176259994507,6625,677,137,4489216,-2.9812678515911104,-0.004193759988993406,0.10941162109375,0.2,0.6073437929153442,1360,126.59011840820312,0.001,538.1439931869506,0.010357754,0.5116136074066162
441.5669136047363,6695,675,138,4521984,-2.973838511109352,-0.004101953987265006,0.105523681640625,0.2,0.5425906479358673,1370,147.69345092773438,0.001,636.316628074646,0.008955343,0.5104518532752991
466.4941816329956,6765,673,139,4554752,-2.9539746552705766,-0.0057124105631373824,0.09051513671875,0.2,0.5153174102306366,1380,150.80813598632812,0.001,627.4575601577759,0.009382462,0.507744312286377
473.76641273498535,6834,671,140,4587520,-2.933613494038582,-0.005147003983438481,0.0944000244140625,0.2,0.457414448261261,1390,199.35568237304688,0.001,734.5698833465576,0.009505775,0.5050600171089172
472.5118656158447,6903,669,141,4620288,-2.915968546271324,-0.0036008410272188483,0.1216461181640625,0.2,0.5656649768352509,1400,118.04335021972656,0.001,554.1679132461547,0.010382885,0.5035440325737
526.9418144226074,6971,667,142,4653056,-2.9168713584542276,-0.0045581486556329764,0.11375732421875,0.2,0.5255348980426788,1410,120.70932006835938,0.001,614.2837933540344,0.009743774,0.5049300789833069
554.0726146697998,7039,665,143,4685824,-2.9336876764893534,-0.0028555584271089175,0.110845947265625,0.2,0.5537162721157074,1420,157.78741455078125,0.001,644.756120300293,0.011009507,0.5075159072875977
520.9156341552734,7110,663,144,4718592,-2.92724839001894,-0.003633017186075449,0.1008697509765625,0.2,0.5310766696929932,1430,125.92615509033203,0.001,614.5044543266297,0.010137508,0.5045150518417358
490.6696128845215,7179,661,145,4751360,-2.898078519105911,-0.004348454637511168,0.105859375,0.2,0.5621408224105835,1440,145.5603485107422,0.001,582.147571182251,0.010640841,0.5015881657600403
577.2340126037598,7248,659,146,4784128,-2.8689874336123466,-0.004458981627976755,0.1068450927734375,0.2,0.551103264093399,1450,212.05914306640625,0.001,615.3914340019226,0.00862484,0.4972807765007019
499.84279680252075,7319,658,147,4816896,-2.848962980508804,-0.004004789312602952,0.1164520263671875,0.2,0.5888834595680237,1460,181.54380798339844,0.001,619.8548944473266,0.008124233,0.49685460329055786
443.55889105796814,7391,656,148,4849664,-2.8432107284665107,-0.0051705495978239925,0.0971038818359375,0.2,0.6218774020671844,1470,117.22345733642578,0.001,509.4423233032227,0.007942707,0.49553656578063965
506.2738847732544,7464,654,149,4882432,-2.8259223118424415,-0.0036845830880338328,0.10792236328125,0.2,0.5728305876255035,1480,148.38304138183594,0.001,582.5100536346436,0.009185692,0.492986798286438
525.3036103248596,7536,652,150,4915200,-2.807070805132389,-0.005059189150779275,0.090704345703125,0.2,0.5827062129974365,1490,143.74317932128906,0.001,559.3240198135376,0.009536944,0.491049200296402
476.6260118484497,7611,650,151,4947968,-2.791140154004097,-0.006093938634148799,0.0881103515625,0.2,0.5378725528717041,1500,163.91307067871094,0.001,677.5874677658081,0.008013201,0.48901212215423584
503.68730068206787,7683,648,152,4980736,-2.7653427571058273,-0.004885755079158116,0.1038360595703125,0.2,0.5767505168914795,1510,148.65081787109375,0.001,541.9575814247131,0.0106646,0.4862183630466461
609.3745803833008,7756,646,153,5013504,-2.7443974137306215,-0.004600103475968354,0.101824951171875,0.2,0.5499565601348877,1520,107.3223876953125,0.001,543.8498308181763,0.0094762165,0.48354244232177734
451.0048909187317,7828,644,154,5046272,-2.7230627104640006,-0.005262229712388944,0.1011566162109375,0.2,0.5641731917858124,1530,206.3887939453125,0.001,567.650769996643,0.008643368,0.48122724890708923
452.5408773422241,7899,642,155,5079040,-2.7121166080236434,-0.005133709109213669,0.099993896484375,0.2,0.5463989078998566,1540,131.98118591308594,0.001,622.8665675163269,0.010681242,0.48043519258499146
524.7455348968506,7974,640,156,5111808,-2.700681233406067,-0.0036186983983498068,0.1249725341796875,0.2,0.5713759660720825,1550,116.3217544555664,0.001,509.9384955406189,0.010301622,0.4787028431892395
496.591835975647,8048,639,157,5144576,-2.6849995598196985,-0.00547190569632221,0.1093841552734375,0.2,0.556640088558197,1560,142.78578186035156,0.001,536.027472782135,0.0113156745,0.47704824805259705
511.2723550796509,8119,637,158,5177344,-2.673161286115646,-0.005135344329755753,0.103546142578125,0.2,0.5324288904666901,1570,122.12816619873047,0.001,612.7599926948548,0.012149465,0.4751395583152771
416.23621368408203,8190,636,159,5210112,-2.642379266023636,-0.0058595091322786175,0.115716552734375,0.2,0.5818884670734406,1580,127.2449951171875,0.001,529.1066396713256,0.012192048,0.4710905849933624
544.8966979980469,8265,634,160,5242880,-2.634575057029724,-0.0037367576005635783,0.12579345703125,0.2,0.5831946432590485,1590,109.7730941772461,0.001,534.3520245552063,0.01456993,0.47202616930007935
544.6730270385742,8339,632,161,5275648,-2.625177389383316,-0.005477911757770926,0.0997222900390625,0.2,0.5385923683643341,1600,198.09658813476562,0.001,619.769847869873,0.009546271,0.4703797399997711
486.6563386917114,8412,631,162,5308416,-2.615018206834793,-0.004993432917399332,0.1127197265625,0.2,0.5224795043468475,1610,147.14881896972656,0.001,551.0452380180359,0.013563962,0.4694138169288635
511.38100147247314,8488,629,163,5341184,-2.602726709842682,-0.005795377632603049,0.110919189453125,0.2,0.5475943684577942,1620,124.56649017333984,0.001,590.4152550697327,0.00943592,0.46820783615112305
541.0302658081055,8564,627,164,5373952,-2.5930031940340994,-0.0037361325026722624,0.11201171875,0.2,0.5431313514709473,1630,128.98646545410156,0.001,580.3879293441772,0.009081271,0.4675125479698181
492.9130983352661,8638,625,165,5406720,-2.5824854895472527,-0.004749727140733739,0.106524658203125,0.2,0.6034331023693085,1640,131.75877380371094,0.001,558.9460062026977,0.009762858,0.46505361795425415
443.6163501739502,8709,624,166,5439488,-2.560435649752617,-0.0029938155494164675,0.1401519775390625,0.2,0.5587637722492218,1650,190.5953826904297,0.001,571.7119268417358,0.020394273,0.4636835753917694
470.83767795562744,8784,622,167,5472256,-2.551672652363777,-0.005058914567052852,0.114849853515625,0.2,0.5847576856613159,1660,134.1900177001953,0.001,527.8081094741822,0.0104766805,0.46226316690444946
531.257287979126,8857,621,168,5505024,-2.532779575884342,-0.0048797934738104235,0.1148651123046875,0.2,0.5792601108551025,1670,119.77603149414062,0.001,556.9863787651062,0.01220569,0.4606032371520996
513.5507383346558,8933,619,169,5537792,-2.5255159020423887,-0.004826993218739517,0.1082550048828125,0.2,0.5662203729152679,1680,191.11309814453125,0.001,627.3730842590332,0.011549186,0.460012286901474
476.19091033935547,9004,618,170,5570560,-2.510981632769108,-0.002681975223822519,0.1438323974609375,0.2,0.5122944414615631,1690,207.0463409423828,0.001,620.688376712799,0.014940082,0.45846307277679443
483.93959617614746,9077,617,171,5603328,-2.4861920833587647,-0.004840603147749789,0.108831787109375,0.2,0.5243622660636902,1700,133.79681396484375,0.001,567.1616035461426,0.010243631,0.4545597434043884
541.9488105773926,9155,615,172,5636096,-2.4566280856728553,-0.004941333745955489,0.1222625732421875,0.2,0.5019896030426025,1710,206.98934936523438,0.001,626.327035331726,0.012645916,0.45115745067596436
485.86156463623047,9232,614,173,5668864,-2.4346886068582534,-0.005073706035909708,0.1359222412109375,0.2,0.543584793806076,1720,165.39654541015625,0.001,566.7693417549133,0.012103405,0.4497343897819519
544.3228759765625,9310,612,174,5701632,-2.42393653690815,-0.005256002744135913,0.122760009765625,0.2,0.5333565771579742,1730,126.54047393798828,0.001,557.2100909233093,0.012340916,0.44861891865730286
531.7466917037964,9391,610,175,5734400,-2.4148893892765044,-0.0034724622331850697,0.1452056884765625,0.2,0.5323760807514191,1740,126.62600708007812,0.001,583.8678318023682,0.011709612,0.447409987449646
508.9876880645752,9469,609,176,5767168,-2.395182153582573,-0.00489955158191151,0.120001220703125,0.2,0.5466897785663605,1750,166.3258514404297,0.001,590.6603691101075,0.013126414,0.444500207901001
538.5298266410828,9547,607,177,5799936,-2.3699973687529563,-0.00401569737441605,0.1399261474609375,0.2,0.5896092653274536,1760,118.76812744140625,0.001,530.9933920860291,0.01332251,0.44208085536956787
486.72279930114746,9626,605,178,5832704,-2.3543789237737656,-0.004757723210786935,0.133502197265625,0.2,0.5699110925197601,1770,127.73661804199219,0.001,536.3799303054809,0.013280459,0.44025421142578125
436.417601108551,9704,604,179,5865472,-2.340147839486599,-0.0037730134834419006,0.1353424072265625,0.2,0.5888004302978516,1780,113.38241577148438,0.001,554.0610977172852,0.009131344,0.43956080079078674
445.03969287872314,9778,603,180,5898240,-2.3249130070209505,-0.0046161362442944665,0.1142913818359375,0.2,0.5694575607776642,1790,184.26626586914062,0.001,641.2332217216492,0.009747522,0.4376599192619324
508.14085960388184,9855,601,181,5931008,-2.305681622028351,-0.004737696386291646,0.1351318359375,0.2,0.5820108652114868,1800,95.13609313964844,0.001,531.3310930252076,0.011418685,0.43563008308410645
433.6339340209961,9937,600,182,5963776,-2.2935898303985596,-0.004695901575178141,0.125201416015625,0.2,0.5482784807682037,1810,107.59253692626953,0.001,548.3658994674682,0.009924987,0.4347800612449646
485.7613492012024,10014,598,183,5996544,-2.2823504120111466,-0.006288084572588559,0.102642822265625,0.2,0.5547469556331635,1820,175.83168029785156,0.001,610.4314608573914,0.009386506,0.43364396691322327
577.7605285644531,10093,597,184,6029312,-2.277200299501419,-0.0044705618245643565,0.1361114501953125,0.2,0.5420384109020233,1830,136.93324279785156,0.001,559.0652123451233,0.014522895,0.4330829679965973
420.8731756210327,10169,596,185,6062080,-2.2538806706666947,-0.004464457082212903,0.14073486328125,0.2,0.5777769088745117,1840,135.48797607421875,0.001,571.9483078956604,0.011360408,0.4292285442352295
479.7466197013855,10247,594,186,6094848,-2.2386231794953346,-0.0030240456442697907,0.13101806640625,0.2,0.5844250619411469,1850,128.98046875,0.001,556.4478428840637,0.010248732,0.42841631174087524
499.1653299331665,10327,593,187,6127616,-2.237404064834118,-0.004638151082326658,0.1289703369140625,0.2,0.5688804984092712,1860,122.29058074951172,0.001,554.8305574417114,0.014777185,0.42868006229400635
524.6889777183533,10410,591,188,6160384,-2.2324435651302337,-0.0028555105134728366,0.1592681884765625,0.2,0.5870177745819092,1870,124.17655944824219,0.001,568.9925172805786,0.016462537,0.4276502728462219
550.1751928329468,10490,590,189,6193152,-2.2241653904318808,-0.004572852553974371,0.1108306884765625,0.2,0.5232808291912079,1880,157.10043334960938,0.001,646.169581604004,0.0077503873,0.4261172413825989
485.6265797615051,10570,589,190,6225920,-2.2052267089486124,-0.004193891324393917,0.127032470703125,0.2,0.5281386971473694,1890,134.14442443847656,0.001,579.4727945327759,0.01334215,0.4236876368522644
510.85360527038574,10653,587,191,6258688,-2.1849311396479605,-0.005524171516299248,0.122332763671875,0.2,0.595025897026062,1900,107.92594146728516,0.001,517.8264597892761,0.013245701,0.4219849705696106
507.9019422531128,10733,586,192,6291456,-2.1614480197429655,-0.004060267598833889,0.1194488525390625,0.2,0.5347431302070618,1910,142.8928680419922,0.001,634.6765008926392,0.0106291715,0.41921427845954895
493.815279006958,10812,584,193,6324224,-2.1456895619630814,-0.003869341841345886,0.1174560546875,0.2,0.5914575755596161,1920,143.9317626953125,0.001,571.9563124656677,0.011738739,0.41814446449279785
367.6480641365051,10892,583,194,6356992,-2.1332840606570245,-0.004384206900431309,0.123223876953125,0.2,0.5446021258831024,1930,134.67666625976562,0.001,571.9412127494812,0.011584669,0.41698920726776123
427.1403570175171,10976,582,195,6389760,-2.121725906431675,-0.004543450973869767,0.1238433837890625,0.2,0.5315088927745819,1940,138.21038818359375,0.001,551.7661122322082,0.011694498,0.4156510829925537
545.8360643386841,11057,580,196,6422528,-2.115196153521538,-0.003297316272801254,0.154058837890625,0.2,0.5506572723388672,1950,156.62860107421875,0.001,577.6807830810546,0.010973991,0.415330171585083
486.02985286712646,11141,579,197,6455296,-2.0981689527630807,-0.0047379967749293424,0.1144012451171875,0.2,0.5560679137706757,1960,146.56517028808594,0.001,550.439497089386,0.00918165,0.412710964679718
580.217059135437,11225,577,198,6488064,-2.0863325610756873,-0.0005082746836706064,0.1634979248046875,0.2,0.49911415576934814,1970,127.70047760009766,0.001,589.2562646865845,0.029082796,0.41279661655426025
527.1756982803345,11310,576,199,6520832,-2.077779661118984,-0.0030791920158662832,0.1448822021484375,0.2,0.562467098236084,1980,130.91073608398438,0.001,553.661328125,0.01291284,0.4107571840286255
448.11553716659546,11395,575,200,6553600,-2.0523961573839187,-0.004831794775964226,0.126116943359375,0.2,0.5937428772449493,1990,133.49595642089844,0.001,552.7584173202515,0.011124047,0.408326655626297
589.7553586959839,11482,573,201,6586368,-2.0362350314855577,-0.0019792932835116517,0.162261962890625,0.2,0.5755322277545929,2000,96.78062438964844,0.001,509.9131363868713,0.0113365855,0.40640637278556824
444.8152732849121,11567,572,202,6619136,-2.005900952219963,-0.005252915600431151,0.1293853759765625,0.2,0.5300557911396027,2010,150.47183227539062,0.001,635.9399326324462,0.011263968,0.4037407636642456
468.57440161705017,11651,570,203,6651904,-1.9905240289866923,-0.003958309181325603,0.14825439453125,0.2,0.6062495112419128,2020,118.34842681884766,0.001,541.7753192901612,0.015267951,0.40256768465042114
453.3146171569824,11736,569,204,6684672,-1.9694569014012813,-0.004542657912679715,0.168121337890625,0.2,0.5780043303966522,2030,131.2093048095703,0.001,523.9899382591248,0.01657867,0.3994781970977783
475.52541160583496,11822,568,205,6717440,-1.9420999728143216,-0.003775082361244131,0.1381622314453125,0.2,0.5283045470714569,2040,153.24920654296875,0.001,561.3587196350097,0.013103436,0.39716753363609314
511.3518409729004,11911,566,206,6750208,-1.923211943358183,-0.004219935744185932,0.1322174072265625,0.2,0.5116907358169556,2050,132.0345001220703,0.001,534.9933585166931,0.015544389,0.39584389328956604
430.24958515167236,11996,565,207,6782976,-1.8963771909475327,-0.004481343316729181,0.1379974365234375,0.2,0.5063369572162628,2060,167.52024841308594,0.001,612.6040818214417,0.011985098,0.3923178017139435
377.8060784339905,12083,564,208,6815744,-1.8769980460405349,-0.005574668789631687,0.121514892578125,0.2,0.54165980219841,2070,132.99322509765625,0.001,559.1807048797607,0.009340799,0.3917464017868042
442.1872854232788,12172,562,209,6848512,-1.8658711574971676,-0.0032399055824498648,0.1511566162109375,0.2,0.5403898656368256,2080,143.61627197265625,0.001,525.5893470764161,0.016501803,0.39063823223114014
592.2103199958801,12262,561,210,6881280,-1.857357320934534,-0.0034676468938414475,0.145135498046875,0.2,0.5374904572963715,2090,131.35696411132812,0.001,585.4322137832642,0.014961904,0.3896316587924957
581.4465808868408,12347,559,211,6914048,-1.8237793549895287,-0.004640479899535421,0.131103515625,0.2,0.5713855028152466,2100,124.66059875488281,0.001,595.7714408874511,0.011574397,0.3856862783432007
535.1685056686401,12435,558,212,6946816,-1.8069927275180817,-0.005574918708589394,0.1286102294921875,0.2,0.5427007675170898,2110,129.96827697753906,0.001,581.3739336013793,0.012512194,0.38529956340789795
502.5026807785034,12521,557,213,6979584,-1.8035623908042908,-0.0037717469662311488,0.14288330078125,0.2,0.5368314385414124,2120,115.7681655883789,0.001,564.7365899085999,0.01431381,0.38516879081726074
482.17172718048096,12610,556,214,7012352,-1.7955773212015629,-0.0031173614275758154,0.16121826171875,0.2,0.5120983719825745,2130,135.068359375,0.001,548.3907402038574,0.012552274,0.38356906175613403
606.9266510009766,12702,554,215,7045120,-1.776005294173956,-0.004477183593553491,0.152178955078125,0.2,0.5829499363899231,2140,147.21849060058594,0.001,531.0285431861878,0.017009547,0.3821902871131897
499.76565742492676,12795,553,216,7077888,-1.768074318021536,-0.005393880593328504,0.12906494140625,0.2,0.5379079580307007,2150,139.78854370117188,0.001,609.2986179351807,0.01173706,0.38136547803878784
521.5044918060303,12888,551,217,7110656,-1.758414552360773,-0.004701834288425744,0.155291748046875,0.2,0.5721268057823181,2160,96.98113250732422,0.001,488.1563967704773,0.016057603,0.38063520193099976
460.8256492614746,12978,550,218,7143424,-1.7362253822386264,-0.003985829211887904,0.162847900390625,0.2,0.5173535048961639,2170,107.61925506591797,0.001,568.0516864776612,0.013773732,0.37769177556037903
516.5955538749695,13070,549,219,7176192,-1.7138162113726139,-0.002426325940177776,0.155755615234375,0.2,0.5269463956356049,2180,126.75569152832031,0.001,595.7813590049743,0.024883188,0.3762187957763672
498.70226669311523,13162,547,220,7208960,-1.7069577783346177,-0.0028776751860277727,0.148748779296875,0.2,0.5545775890350342,2190,144.05262756347656,0.001,678.3210660934449,0.011105999,0.3762091398239136
528.6564106941223,13255,546,221,7241728,-1.6977329589426517,-0.003881306798575679,0.1557586669921875,0.2,0.5586059391498566,2200,133.36961364746094,0.001,597.7209403991699,0.0155988615,0.3754819631576538
602.0330562591553,13348,544,222,7274496,-1.7004207476973534,-0.002810321953438688,0.1645599365234375,0.2,0.5623553991317749,2210,143.07850646972656,0.001,590.1381832122803,0.015564049,0.37607404589653015
453.9791021347046,13440,543,223,7307264,-1.694204543530941,-0.0022020750468072945,0.16043701171875,0.2,0.5494756698608398,2220,142.6279754638672,0.001,633.0656755447387,0.0150814345,0.3750671446323395
491.8052489757538,13535,542,224,7340032,-1.6758615508675576,-0.005533104800269939,0.1170623779296875,0.2,0.5166045725345612,2230,158.40794372558594,0.001,646.9540296554566,0.010987161,0.3723529577255249
532.2172589302063,13625,541,225,7372800,-1.6479880429804326,-0.003870543719676789,0.158770751953125,0.2,0.54112908244133,2240,120.06449127197266,0.001,550.3715337753296,0.014471958,0.3703032433986664
495.06132793426514,13717,539,226,7405568,-1.6387510001659393,-0.002342489314469276,0.16734619140625,0.2,0.5857074558734894,2250,118.39096069335938,0.001,517.1982653617858,0.011928429,0.36954861879348755
481.25407576560974,13810,538,227,7438336,-1.6358919270336627,-0.0037691206467570736,0.162774658203125,0.2,0.5184448957443237,2260,183.2829132080078,0.001,644.4828705787659,0.019003203,0.37041714787483215
485.771870136261,13899,537,228,7471104,-1.6323980830609799,-0.003321051468810765,0.1698028564453125,0.2,0.5849900245666504,2270,109.10330963134766,0.001,523.8143232345581,0.01311841,0.3691759407520294
536.1683511734009,13990,536,229,7503872,-1.6094530150294304,-0.002891411968448665,0.163623046875,0.2,0.5893522500991821,2280,110.7998046875,0.001,484.47711353302003,0.012197308,0.3671070635318756
595.1027812957764,14086,535,230,7536640,-1.587811954319477,-0.00394606977206422,0.1478179931640625,0.2,0.5894047021865845,2290,158.22125244140625,0.001,542.2378854751587,0.016476322,0.3647140562534332
515.8065891265869,14178,533,231,7569408,-1.5597991481423379,-0.005886667971208226,0.1399993896484375,0.2,0.5757712721824646,2300,154.96453857421875,0.001,583.3357603073121,0.011879837,0.3616408705711365
513.6183109283447,14268,532,232,7602176,-1.5364969424903392,-0.0006755777183570899,0.1834747314453125,0.2,0.5227887332439423,2310,137.12860107421875,0.001,627.0921325683594,0.015763825,0.3603267967700958
388.93442153930664,14361,531,233,7634944,-1.519185057282448,-0.003688131578383036,0.1575927734375,0.2,0.5710656344890594,2320,152.75051879882812,0.001,593.5099685668945,0.010824285,0.35832542181015015
575.3272399902344,14455,530,234,7667712,-1.5060421414673328,0.0014445986351347528,0.2032470703125,0.2,0.5613515675067902,2330,158.3050994873047,0.001,619.1022108078002,0.02424923,0.3581775724887848
484.0912055969238,14549,529,235,7700480,-1.4960960119962692,-0.004016961208253633,0.16241455078125,0.2,0.5821408629417419,2340,135.4089813232422,0.001,569.0411379814147,0.0152792,0.3567584156990051
580.7877416610718,14647,527,236,7733248,-1.48253143876791,-0.002831780051928945,0.181072998046875,0.2,0.574917197227478,2350,100.53543090820312,0.001,555.1546938896179,0.020227622,0.35517552495002747
440.0725975036621,14740,526,237,7766016,-1.4687132686376572,-0.004120353795588017,0.1667083740234375,0.2,0.5279158353805542,2360,151.7429962158203,0.001,598.6899312019348,0.018696366,0.35443800687789917
514.328779220581,14832,525,238,7798784,-1.4589292749762535,-0.004893616316257976,0.15347900390625,0.2,0.5399601459503174,2370,123.757568359375,0.001,546.752449131012,0.013682438,0.35293278098106384
552.9314374923706,14928,524,239,7831552,-1.4454977460205556,-0.0030745696043595673,0.170379638671875,0.2,0.5638918280601501,2380,97.71712493896484,0.001,528.5904207229614,0.019381987,0.3520932197570801
579.2284708023071,15022,523,240,7864320,-1.4276654876768589,-0.004817253051442094,0.1431243896484375,0.2,0.519367516040802,2390,131.40814208984375,0.001,592.2345502853393,0.015486261,0.35029473900794983
487.9970004558563,15116,522,241,7897088,-1.4054092466831207,-0.004393040963623207,0.1449462890625,0.2,0.5606513917446136,2400,137.6035919189453,0.001,577.3542976379395,0.013621071,0.3489711284637451
548.9096117019653,15210,521,242,7929856,-1.3836342923343181,-0.003087494477222208,0.176019287109375,0.2,0.5517155230045319,2410,181.26077270507812,0.001,612.4406586647034,0.02021445,0.3464356064796448
513.875156879425,15307,520,243,7962624,-1.3686197355389595,-0.0028132770516094753,0.182818603515625,0.2,0.5309291481971741,2420,123.28874969482422,0.001,556.7531127929688,0.017527439,0.3460964858531952
498.11300468444824,15400,519,244,7995392,-1.3532242134213448,-0.001918410875077825,0.178765869140625,0.2,0.5538356006145477,2430,145.50254821777344,0.001,579.909383392334,0.038438845,0.34460777044296265
510.171799659729,15494,518,245,8028160,-1.3447779014706611,0.001956931692257058,0.2279937744140625,0.2,0.5305756032466888,2440,126.5732421875,0.001,557.6328479766846,0.015560996,0.34403446316719055
518.9344563484192,15591,517,246,8060928,-1.3288967318832874,-0.00489490963955177,0.1558349609375,0.2,0.5121060311794281,2450,127.19371032714844,0.001,553.9529864311219,0.014397417,0.34239310026168823
533.7483911514282,15686,515,247,8093696,-1.3195960491895675,-0.0040548613760620356,0.166925048828125,0.2,0.4981282353401184,2460,155.95286560058594,0.001,594.769123840332,0.017640786,0.3419896066188812
435.6036539077759,15779,514,248,8126464,-1.3039278477430343,-0.002972649657749571,0.1586761474609375,0.2,0.521843671798706,2470,145.21034240722656,0.001,601.3811028480529,0.012597553,0.3403435945510864
512.3076767921448,15871,514,249,8159232,-1.2865766756236554,-0.003071068038116209,0.1850311279296875,0.2,0.5430104434490204,2480,186.87693786621094,0.001,549.7271960258483,0.02147772,0.3389233350753784
577.4563083648682,15973,512,250,8192000,-1.2659845121204854,-0.001304793900635559,0.21790771484375,0.2,0.5863571763038635,2490,103.06849670410156,0.001,508.8666588783264,0.017573476,0.33659279346466064
502.5478048324585,16073,511,251,8224768,-1.2548381589353084,-0.001360424654558301,0.2037689208984375,0.2,0.581890195608139,2500,106.63700866699219,0.001,550.3572770118714,0.016356487,0.3364235758781433
549.9294471740723,16171,510,252,8257536,-1.2416980750858784,-0.0024698930719750933,0.1751129150390625,0.2,0.5126545429229736,2510,159.04623413085938,0.001,616.7921778678894,0.014763148,0.3346984386444092
547.1500377655029,16267,509,253,8290304,-1.2290963530540466,-0.0035980381348053926,0.164349365234375,0.2,0.5020735561847687,2520,129.54405212402344,0.001,667.7300428390503,0.014248362,0.334095299243927
565.2240180969238,16368,508,254,8323072,-1.224617027491331,-0.0005056555950432084,0.2079010009765625,0.2,0.5361389219760895,2530,123.81229400634766,0.001,557.220601272583,0.018827908,0.3342689871788025
404.14787197113037,16467,507,255,8355840,-1.2244048304855824,-0.002651349279767601,0.1803436279296875,0.2,0.5056954622268677,2540,124.05668640136719,0.001,595.9937088966369,0.011365276,0.33377358317375183
426.19086599349976,16564,506,256,8388608,-1.2053182519972325,-0.004674541822168976,0.1801300048828125,0.2,0.5511662662029266,2550,193.7108612060547,0.001,625.4197340011597,0.027191753,0.3324213922023773
515.2332739830017,16662,505,257,8421376,-1.196103085577488,-0.0025244256627047434,0.195196533203125,0.2,0.540206640958786,2560,130.56350708007812,0.001,605.6635902404785,0.015905414,0.33121001720428467
380.331796169281,16757,504,258,8454144,-1.1987502709031106,-0.0012816675283829682,0.1973114013671875,0.2,0.5230039656162262,2570,165.44522094726562,0.001,606.6983527183532,0.015093491,0.33191898465156555
536.4463620185852,16853,503,259,8486912,-1.1954026326537133,-0.003963552159257233,0.1537689208984375,0.2,0.5501428842544556,2580,163.73263549804688,0.001,609.4373671531678,0.015924191,0.33171597123146057
497.50648021698,16952,502,260,8519680,-1.1838259346783162,-0.0026672866515582427,0.1871917724609375,0.2,0.578309029340744,2590,155.112548828125,0.001,529.4998303413391,0.01568282,0.3292282223701477
546.0548009872437,17050,501,261,8552448,-1.1636078149080276,-0.0038393226015614344,0.17335205078125,0.2,0.516667515039444,2600,127.84526062011719,0.001,610.4242458343506,0.012741998,0.32810571789741516
641.8424339294434,17147,500,262,8585216,-1.1429093778133392,-0.0024073881555523257,0.1957489013671875,0.2,0.5807154774665833,2610,167.86451721191406,0.001,532.0849327087402,0.019067444,0.32670843601226807
503.5902166366577,17245,499,263,8617984,-1.1379591196775436,-0.005469770896888803,0.17313232421875,0.2,0.5182096064090729,2620,109.06156158447266,0.001,606.946213722229,0.017129242,0.32665419578552246
568.3671941757202,17346,498,264,8650752,-1.1376791439950467,-0.0028412250889232383,0.2040771484375,0.2,0.5689007639884949,2630,167.79324340820312,0.001,558.539142036438,0.024428029,0.32639074325561523
510.32225227355957,17445,497,265,8683520,-1.1235192075371743,-0.002586023329786258,0.181988525390625,0.2,0.6009771227836609,2640,155.8296661376953,0.001,601.7084213256836,0.015023584,0.3245929479598999
594.2360925674438,17551,496,266,8716288,-1.1015119872987271,-0.004800399635860231,0.162152099609375,0.2,0.5421677529811859,2650,151.2415313720703,0.001,664.049913597107,0.01694424,0.32331398129463196
461.7917137145996,17651,495,267,8749056,-1.0898899525403976,-0.004686946273432113,0.1673583984375,0.2,0.5810602009296417,2660,153.72433471679688,0.001,606.2085782051087,0.014810389,0.3222331702709198
527.1875014305115,17751,494,268,8781824,-1.0719214253127576,-0.0034843771732994354,0.1713653564453125,0.2,0.5174144804477692,2670,127.41841125488281,0.001,624.1173974037171,0.019304335,0.32093697786331177
473.2060775756836,17847,493,269,8814592,-1.0598991438746452,-0.0007805567329342011,0.2088623046875,0.2,0.5757581293582916,2680,138.499755859375,0.001,593.2664409637451,0.022928441,0.3197212219238281
673.368091583252,17953,492,270,8847360,-1.0465728402137757,-0.004499006588594057,0.1743988037109375,0.2,0.5758786797523499,2690,137.7725372314453,0.001,544.9384081840515,0.01688345,0.31869661808013916
588.0095729827881,18055,491,271,8880128,-1.0275639720261096,-0.0026633451074303594,0.1844146728515625,0.2,0.5353647172451019,2700,178.11839294433594,0.001,609.7998435974121,0.022723895,0.3166285753250122
445.7380304336548,18158,490,272,8912896,-1.0116718858480453,0.0034850583513616586,0.2464019775390625,0.2,0.5940580368041992,2710,104.6640396118164,0.001,566.487718963623,0.016757892,0.3160379230976105
572.495288848877,18263,489,273,8945664,-1.0006388541311027,-0.004302297915273812,0.170257568359375,0.2,0.49193209409713745,2720,172.6414031982422,0.001,634.4479372024537,0.013343992,0.3149293065071106
471.05512285232544,18362,488,274,8978432,-0.9884584013372659,-0.004030263313325122,0.1617431640625,0.2,0.5438184440135956,2730,117.77222442626953,0.001,554.6435940742492,0.0145993475,0.3140987157821655
503.50308179855347,18464,488,275,9011200,-0.9841241300106048,-0.003053578452090733,0.1873199462890625,0.2,0.5174578130245209,2740,179.1759796142578,0.001,622.9025312423706,0.01599792,0.3138062655925751
490.7385835647583,18568,487,276,9043968,-0.9885742694139481,0.0007041283242870122,0.2230682373046875,0.2,0.5499861240386963,2750,142.93283081054688,0.001,628.3153718948364,0.028044961,0.3149208128452301
542.1522855758667,18670,486,277,9076736,-0.9913656760007143,-0.0030945951235480606,0.1774993896484375,0.2,0.49490225315093994,2760,147.25082397460938,0.001,655.0294309616089,0.020068318,0.3139859437942505
512.3950147628784,18772,485,278,9109504,-0.9818608503788709,-0.004538696880626958,0.1550262451171875,0.2,0.5451039671897888,2770,248.7505340576172,0.001,659.1706785202026,0.014569398,0.3132346272468567
510.307336807251,18874,484,279,9142272,-0.9676605716347695,-0.0017913979332661255,0.200811767578125,0.2,0.5390701591968536,2780,122.64025115966797,0.001,559.2429428100586,0.017992297,0.31199654936790466
450.76159286499023,18974,483,280,9175040,-0.9494327165186405,-0.0023638702841708437,0.1899383544921875,0.2,0.5296961069107056,2790,102.24506378173828,0.001,592.8132402420044,0.019371465,0.3103550672531128
489.15917110443115,19075,482,281,9207808,-0.9336421731859446,-0.0032051897142082453,0.1699310302734375,0.2,0.5317500233650208,2800,134.14990234375,0.001,577.3830078125,0.015139666,0.309234082698822
425.83432960510254,19175,481,282,9240576,-0.9314784366637469,0.0035396093284361997,0.249053955078125,0.2,0.5293332636356354,2810,123.12989044189453,0.001,563.3430263519288,0.03445506,0.3096786141395569
543.8497095108032,19306,480,283,9273344,-0.9260681629180908,-0.002898538719455246,0.1916473388671875,0.2,0.4933854937553406,2820,126.18683624267578,0.001,576.6133008003235,0.022384603,0.3081532120704651
487.03434467315674,19409,479,284,9306112,-0.9189212750643492,-0.0017615437012864278,0.1997344970703125,0.2,0.5432156920433044,2830,111.85717010498047,0.001,545.1401608467102,0.0190044,0.3079758882522583
490.49447536468506,19573,477,285,9338880,-0.9027898717671633,-0.003378603616874898,0.18310546875,0.2,0.48461079597473145,2840,161.12661743164062,0.001,587.5880747795105,0.018307257,0.306141197681427
550.43288230896,19705,475,286,9371648,-0.8932933770120144,-1.4928157906979322e-05,0.2202362060546875,0.2,0.5110839009284973,2850,136.17884826660156,0.001,559.7728878974915,0.020852532,0.3060925304889679
532.8884410858154,19803,474,287,9404416,-0.8868208587169647,-0.0033446765693952328,0.1843780517578125,0.2,0.49265360832214355,2860,170.4608154296875,0.001,629.9809419631958,0.013869759,0.3052603304386139
456.4793212413788,19933,473,288,9437184,-0.880785408616066,-0.002832590895559406,0.1856048583984375,0.2,0.5178845226764679,2870,146.0222625732422,0.001,601.8232998847961,0.016216174,0.3050158619880676
457.2892532348633,20096,471,289,9469952,-0.8690926767885685,-0.0041564840532373635,0.1940582275390625,0.2,0.5268733501434326,2880,142.1586151123047,0.001,583.6567855834961,0.01874973,0.3036686182022095
456.58601570129395,20229,469,290,9502720,-0.8578859269618988,-0.0025482065342657735,0.2180389404296875,0.2,0.5246263146400452,2890,133.0629119873047,0.001,531.9153787612915,0.020579215,0.30266958475112915
495.5352621078491,20437,466,291,9535488,-0.846602987870574,-0.0014374530437635258,0.2135955810546875,0.2,0.5722342431545258,2900,136.25228881835938,0.001,501.0961258888245,0.017216735,0.30207711458206177
499.6829719543457,20541,465,292,9568256,-0.8321040507405997,-0.0026073075001477263,0.1855499267578125,0.2,0.5709670186042786,2910,136.4099884033203,0.001,558.4685055732728,0.013372415,0.30031776428222656
410.5270023345947,20662,464,293,9601024,-0.8144188642501831,0.0008921495173126459,0.23427734375,0.2,0.5198313295841217,2920,127.3813247680664,0.001,555.1608154296875,0.014410075,0.2990822494029999
474.2438106536865,20810,462,294,9633792,-0.805663938075304,-0.004045476586179575,0.168890380859375,0.2,0.5050859749317169,2930,154.87213134765625,0.001,661.8749771118164,0.0196242,0.29846954345703125
617.1827030181885,20915,462,295,9666560,-0.7954803884029389,0.0021779722243081777,0.2397064208984375,0.2,0.543034553527832,2940,150.25550842285156,0.001,554.6722221374512,0.023981463,0.29788851737976074
698.9424123764038,21050,460,296,9699328,-0.7928954213857651,-0.0010398893660749308,0.1992889404296875,0.2,0.532482922077179,2950,107.62797546386719,0.001,567.649555683136,0.018043425,0.2979162931442261
503.757550239563,21154,460,297,9732096,-0.7859878681600094,-0.0033175660195411184,0.176708984375,0.2,0.48426300287246704,2960,200.94171142578125,0.001,586.4860751152039,0.015485921,0.29674646258354187
527.3953351974487,21313,458,298,9764864,-0.7693190596997738,-0.0038207914702070413,0.192596435546875,0.2,0.5100498199462891,2970,126.13714599609375,0.001,546.5337873458863,0.015813299,0.2958012819290161
496.22393131256104,21418,457,299,9797632,-0.7703361704945564,-0.0017951844449271448,0.2276580810546875,0.2,0.5098341107368469,2980,113.08361053466797,0.001,549.335750579834,0.02365351,0.2967747151851654
508.3991107940674,21526,456,300,9830400,-0.7732007496058941,0.000530102683842415,0.2241546630859375,0.2,0.5214346945285797,2990,123.99124145507812,0.001,601.6947087287903,0.01615125,0.29587608575820923
527.9791049957275,21634,455,301,9863168,-0.7510885916650295,-0.0004331862393883057,0.239031982421875,0.2,0.5143839418888092,3000,105.82825469970703,0.001,532.3908863067627,0.023210261,0.2943364977836609
487.62381649017334,21738,455,302,9895936,-0.7337821289896965,-0.0012978941274923272,0.2239501953125,0.2,0.5369898676872253,3010,178.89295959472656,0.001,559.7125128746032,0.018427212,0.29303932189941406
485.86834144592285,21845,454,303,9928704,-0.7180547311902046,0.0015348033994087018,0.2442901611328125,0.2,0.5488311648368835,3020,161.0417938232422,0.001,614.7935842514038,0.034075607,0.29217857122421265
514.3127670288086,21959,453,304,9961472,-0.7092484474182129,-0.0006324211542960256,0.210931396484375,0.2,0.534638524055481,3030,134.4641876220703,0.001,556.4560948371887,0.0317153,0.29173266887664795
519.1942472457886,22065,452,305,9994240,-0.7043131090700626,-0.002907464379677549,0.1900634765625,0.2,0.509949803352356,3040,153.8012237548828,0.001,598.4181644439698,0.01844959,0.2910888195037842
448.0143141746521,22174,452,306,10027008,-0.686226062476635,-0.003821399004664272,0.1782073974609375,0.2,0.5358815789222717,3050,112.6998519897461,0.001,609.1202310562134,0.020657595,0.2892918586730957
